,categories,deals,display_phone,gift_certificates,id,image_url,is_claimed,is_closed,location_address,location_city,location_coordinate_latitude,location_coordinate_longitude,location_country_code,location_cross_streets,location_display_address,location_geo_accuracy,location_neighborhoods,location_postal_code,location_state_code,menu_date_updated,menu_provider,mobile_url,name,phone,rating,rating_img_url,rating_img_url_large,rating_img_url_small,review_count,snippet_image_url,snippet_text,url
0,"[[u'Pubs', u'pubs']]",,+1-415-928-2414,,the-black-horse-london-pub-san-francisco,https://s3-media4.fl.yelpcdn.com/bphoto/JXwoNneiO4OYfwy73dnIHw/ms.jpg,True,False,[u'1514 Union St'],San Francisco,37.79865,-122.42441,US,United States Highway 101 & Franklin St,"[u'1514 Union St', u'Marina/Cow Hollow', u'San Francisco, CA 94123']",8.0,[u'Marina/Cow Hollow'],94123,CA,,,https://m.yelp.com/biz/the-black-horse-london-pub-san-francisco?adjust_creative=SD5ybcet2QSwWXz2N7M5lw&utm_campaign=yelp_api&utm_medium=api_v2_search&utm_source=SD5ybcet2QSwWXz2N7M5lw,The Black Horse London Pub,4159282414,4.5,https://s3-media2.fl.yelpcdn.com/assets/2/www/img/99493c12711e/ico/stars/v1/stars_4_half.png,https://s3-media4.fl.yelpcdn.com/assets/2/www/img/9f83790ff7f6/ico/stars/v1/stars_large_4_half.png,https://s3-media2.fl.yelpcdn.com/assets/2/www/img/a5221e66bc70/ico/stars/v1/stars_small_4_half.png,290,https://s3-media2.fl.yelpcdn.com/photo/wUMBjguSQMfBo3tVe7mkXw/ms.jpg,This is the best bar in San Francisco. Hell it might be my favorite bar in the country. The Black Horse London Pub (or B-Ho as my friends and I call it)...,https://www.yelp.com/biz/the-black-horse-london-pub-san-francisco?adjust_creative=SD5ybcet2QSwWXz2N7M5lw&utm_campaign=yelp_api&utm_medium=api_v2_search&utm_source=SD5ybcet2QSwWXz2N7M5lw
1,"[[u'Cocktail Bars', u'cocktailbars']]",,+1-415-744-5000,,pacific-cocktail-haven-san-francisco,https://s3-media1.fl.yelpcdn.com/bphoto/D1BEnPArYpvoR4C8P-sKfg/ms.jpg,True,False,[u'580 Sutter St'],San Francisco,37.7890686725,-122.409755724,US,,"[u'580 Sutter St', u'Union Square', u'San Francisco, CA 94108']",9.5,[u'Union Square'],94108,CA,,,https://m.yelp.com/biz/pacific-cocktail-haven-san-francisco?adjust_creative=SD5ybcet2QSwWXz2N7M5lw&utm_campaign=yelp_api&utm_medium=api_v2_search&utm_source=SD5ybcet2QSwWXz2N7M5lw,Pacific Cocktail Haven,4157445000,4.5,https://s3-media2.fl.yelpcdn.com/assets/2/www/img/99493c12711e/ico/stars/v1/stars_4_half.png,https://s3-media4.fl.yelpcdn.com/assets/2/www/img/9f83790ff7f6/ico/stars/v1/stars_large_4_half.png,https://s3-media2.fl.yelpcdn.com/assets/2/www/img/a5221e66bc70/ico/stars/v1/stars_small_4_half.png,63,https://s3-media3.fl.yelpcdn.com/photo/b5T6sbG_VtQBdZDWHjYyaw/ms.jpg,"SO GOOD.

Sorry trick dog, but another cocktail lounge has stolen my heart. I'm so impressed by SF's cocktail scene as it stands but like WOW. This takes...",https://www.yelp.com/biz/pacific-cocktail-haven-san-francisco?adjust_creative=SD5ybcet2QSwWXz2N7M5lw&utm_campaign=yelp_api&utm_medium=api_v2_search&utm_source=SD5ybcet2QSwWXz2N7M5lw
2,"[[u'Bars', u'bars']]",,+1-415-654-5061,,benjamin-cooper-san-francisco,https://s3-media1.fl.yelpcdn.com/bphoto/RQjcpICY7YKBjNstV6rFjA/ms.jpg,False,False,[u'398 Geary St'],San Francisco,37.7873489078,-122.409739556,US,Mason St & Powell St,"[u'398 Geary St', u'Union Square', u'San Francisco, CA 94102']",9.5,[u'Union Square'],94102,CA,,,https://m.yelp.com/biz/benjamin-cooper-san-francisco?adjust_creative=SD5ybcet2QSwWXz2N7M5lw&utm_campaign=yelp_api&utm_medium=api_v2_search&utm_source=SD5ybcet2QSwWXz2N7M5lw,Benjamin Cooper,4156545061,4.5,https://s3-media2.fl.yelpcdn.com/assets/2/www/img/99493c12711e/ico/stars/v1/stars_4_half.png,https://s3-media4.fl.yelpcdn.com/assets/2/www/img/9f83790ff7f6/ico/stars/v1/stars_large_4_half.png,https://s3-media2.fl.yelpcdn.com/assets/2/www/img/a5221e66bc70/ico/stars/v1/stars_small_4_half.png,171,https://s3-media2.fl.yelpcdn.com/photo/tsl5XVCarRJ520Y9qnlBtg/ms.jpg,"We found this because of Yelp. Thanks Yelp! I'll now add on to the praise.

We visited Benjamin Cooper back on 4th of July weekend. It's a shame because...",https://www.yelp.com/biz/benjamin-cooper-san-francisco?adjust_creative=SD5ybcet2QSwWXz2N7M5lw&utm_campaign=yelp_api&utm_medium=api_v2_search&utm_source=SD5ybcet2QSwWXz2N7M5lw
3,"[[u'Cafes', u'cafes'], [u'Wine Bars', u'wine_bars']]",,+1-415-634-7002,,bodega-san-francisco-2,https://s3-media2.fl.yelpcdn.com/bphoto/i2RvNJEXGZ30zAyxD_4OTg/ms.jpg,True,False,[u'700 Columbus Ave'],San Francisco,37.80135,-122.41129,US,,"[u'700 Columbus Ave', u'Russian Hill', u'San Francisco, CA 94133']",8.0,"[u'Russian Hill', u'North Beach/Telegraph Hill']",94133,CA,,,https://m.yelp.com/biz/bodega-san-francisco-2?adjust_creative=SD5ybcet2QSwWXz2N7M5lw&utm_campaign=yelp_api&utm_medium=api_v2_search&utm_source=SD5ybcet2QSwWXz2N7M5lw,Bodega,4156347002,4.5,https://s3-media2.fl.yelpcdn.com/assets/2/www/img/99493c12711e/ico/stars/v1/stars_4_half.png,https://s3-media4.fl.yelpcdn.com/assets/2/www/img/9f83790ff7f6/ico/stars/v1/stars_large_4_half.png,https://s3-media2.fl.yelpcdn.com/assets/2/www/img/a5221e66bc70/ico/stars/v1/stars_small_4_half.png,51,https://s3-media1.fl.yelpcdn.com/photo/fmydDW3U9cd4I5EfZ-RrNw/ms.jpg,"I normally don't write reviews, but this place is an exception. Out of all the coffee/restaurants in SF, this is my go to place. Honestly, I'm not surprised...",https://www.yelp.com/biz/bodega-san-francisco-2?adjust_creative=SD5ybcet2QSwWXz2N7M5lw&utm_campaign=yelp_api&utm_medium=api_v2_search&utm_source=SD5ybcet2QSwWXz2N7M5lw
4,"[[u'American (Traditional)', u'tradamerican'], [u'Beer Bar', u'beerbar']]",,,,hopwater-distribution-san-francisco,https://s3-media4.fl.yelpcdn.com/bphoto/g9IPryNiBa-Ik_xXZcrONA/ms.jpg,False,False,[u'850 Bush St'],San Francisco,37.7899538529,-122.411338985,US,Taylor St & Mason St,"[u'850 Bush St', u'Nob Hill', u'San Francisco, CA 94108']",9.5,"[u'Nob Hill', u'Union Square', u'Lower Nob Hill']",94108,CA,,,https://m.yelp.com/biz/hopwater-distribution-san-francisco?adjust_creative=SD5ybcet2QSwWXz2N7M5lw&utm_campaign=yelp_api&utm_medium=api_v2_search&utm_source=SD5ybcet2QSwWXz2N7M5lw,Hopwater Distribution,,4.5,https://s3-media2.fl.yelpcdn.com/assets/2/www/img/99493c12711e/ico/stars/v1/stars_4_half.png,https://s3-media4.fl.yelpcdn.com/assets/2/www/img/9f83790ff7f6/ico/stars/v1/stars_large_4_half.png,https://s3-media2.fl.yelpcdn.com/assets/2/www/img/a5221e66bc70/ico/stars/v1/stars_small_4_half.png,485,https://s3-media2.fl.yelpcdn.com/photo/gk1MjDkEwqpoOwkVXNad5Q/ms.jpg,"Nice bartenders.  They gave me and a friend good advice to grab a table ASAP before they became too crowded, rather than ordering our meals first.  Sure...",https://www.yelp.com/biz/hopwater-distribution-san-francisco?adjust_creative=SD5ybcet2QSwWXz2N7M5lw&utm_campaign=yelp_api&utm_medium=api_v2_search&utm_source=SD5ybcet2QSwWXz2N7M5lw
5,"[[u'Cocktail Bars', u'cocktailbars']]",,+1-415-441-2323,,mezcalito-san-francisco,https://s3-media1.fl.yelpcdn.com/bphoto/M0HRmbHCR0h7KcG5aD4u3w/ms.jpg,True,False,[u'2323 Polk St'],San Francisco,37.7981693919,-122.42238864,US,Union St & Green St,"[u'2323 Polk St', u'Russian Hill', u'San Francisco, CA 94109']",9.5,[u'Russian Hill'],94109,CA,,,https://m.yelp.com/biz/mezcalito-san-francisco?adjust_creative=SD5ybcet2QSwWXz2N7M5lw&utm_campaign=yelp_api&utm_medium=api_v2_search&utm_source=SD5ybcet2QSwWXz2N7M5lw,Mezcalito,4154412323,4.0,https://s3-media4.fl.yelpcdn.com/assets/2/www/img/c2f3dd9799a5/ico/stars/v1/stars_4.png,https://s3-media2.fl.yelpcdn.com/assets/2/www/img/ccf2b76faa2c/ico/stars/v1/stars_large_4.png,https://s3-media4.fl.yelpcdn.com/assets/2/www/img/f62a5be2f902/ico/stars/v1/stars_small_4.png,21,https://s3-media4.fl.yelpcdn.com/photo/2b1nCtmb2MRtUw0Upuha5A/ms.jpg,"We have now celebrated our engagement here twice! The first time, we had some champagne and appetizers (all so good) the day we officially got engaged....",https://www.yelp.com/biz/mezcalito-san-francisco?adjust_creative=SD5ybcet2QSwWXz2N7M5lw&utm_campaign=yelp_api&utm_medium=api_v2_search&utm_source=SD5ybcet2QSwWXz2N7M5lw
6,"[[u'Wine Bars', u'wine_bars']]",,+1-415-516-6945,,robberbaron-san-francisco,https://s3-media4.fl.yelpcdn.com/bphoto/bUeG4JEkT91iV2ZifZctZw/ms.jpg,True,False,[u'2032 Polk St'],San Francisco,37.7955308,-122.4215883,US,Broadway St & Pacific Ave,"[u'2032 Polk St', u'Nob Hill', u'San Francisco, CA 94109']",9.5,[u'Nob Hill'],94109,CA,,,https://m.yelp.com/biz/robberbaron-san-francisco?adjust_creative=SD5ybcet2QSwWXz2N7M5lw&utm_campaign=yelp_api&utm_medium=api_v2_search&utm_source=SD5ybcet2QSwWXz2N7M5lw,robberbaron,4155166945,4.5,https://s3-media2.fl.yelpcdn.com/assets/2/www/img/99493c12711e/ico/stars/v1/stars_4_half.png,https://s3-media4.fl.yelpcdn.com/assets/2/www/img/9f83790ff7f6/ico/stars/v1/stars_large_4_half.png,https://s3-media2.fl.yelpcdn.com/assets/2/www/img/a5221e66bc70/ico/stars/v1/stars_small_4_half.png,110,https://s3-media1.fl.yelpcdn.com/photo/oBlRDD0gZKWwELmCaQkKYA/ms.jpg,"This is a super cute neighborhood spot.  I am unsure about the vibe, but I like it.  There's swanky decor, old school top 40s playing, and the bartenders...",https://www.yelp.com/biz/robberbaron-san-francisco?adjust_creative=SD5ybcet2QSwWXz2N7M5lw&utm_campaign=yelp_api&utm_medium=api_v2_search&utm_source=SD5ybcet2QSwWXz2N7M5lw
7,"[[u'Pubs', u'pubs'], [u'Beer Bar', u'beerbar']]",,+1-415-660-5142,,liquid-gold-san-francisco,https://s3-media2.fl.yelpcdn.com/bphoto/WArdnffHtXqz9tjwJ6KFZQ/ms.jpg,True,False,[u'1040 Hyde St'],San Francisco,37.7906418,-122.4170609,US,California St & Pine St,"[u'1040 Hyde St', u'Nob Hill', u'San Francisco, CA 94109']",8.0,[u'Nob Hill'],94109,CA,,,https://m.yelp.com/biz/liquid-gold-san-francisco?adjust_creative=SD5ybcet2QSwWXz2N7M5lw&utm_campaign=yelp_api&utm_medium=api_v2_search&utm_source=SD5ybcet2QSwWXz2N7M5lw,Liquid Gold,4156605142,4.5,https://s3-media2.fl.yelpcdn.com/assets/2/www/img/99493c12711e/ico/stars/v1/stars_4_half.png,https://s3-media4.fl.yelpcdn.com/assets/2/www/img/9f83790ff7f6/ico/stars/v1/stars_large_4_half.png,https://s3-media2.fl.yelpcdn.com/assets/2/www/img/a5221e66bc70/ico/stars/v1/stars_small_4_half.png,106,https://s3-media1.fl.yelpcdn.com/photo/lAVf4Jx6Bxrd9R3De-JeYw/ms.jpg,I hope no one ever finds out about this place because I want it all to myself.  I love that it's never too packed. AND there is a wideeee selection of beer...,https://www.yelp.com/biz/liquid-gold-san-francisco?adjust_creative=SD5ybcet2QSwWXz2N7M5lw&utm_campaign=yelp_api&utm_medium=api_v2_search&utm_source=SD5ybcet2QSwWXz2N7M5lw
8,"[[u'Lounges', u'lounges'], [u'Cocktail Bars', u'cocktailbars']]",,+1-415-817-1712,,bar-587-san-francisco,https://s3-media4.fl.yelpcdn.com/bphoto/WnRfHjeZ7onan_pm5dySTQ/ms.jpg,True,False,[u'587 Post St'],San Francisco,37.7878531069,-122.41135776,US,Taylor St & Mason St,"[u'587 Post St', u'Union Square', u'San Francisco, CA 94102']",8.0,"[u'Union Square', u'Lower Nob Hill']",94102,CA,,,https://m.yelp.com/biz/bar-587-san-francisco?adjust_creative=SD5ybcet2QSwWXz2N7M5lw&utm_campaign=yelp_api&utm_medium=api_v2_search&utm_source=SD5ybcet2QSwWXz2N7M5lw,Bar 587,4158171712,4.5,https://s3-media2.fl.yelpcdn.com/assets/2/www/img/99493c12711e/ico/stars/v1/stars_4_half.png,https://s3-media4.fl.yelpcdn.com/assets/2/www/img/9f83790ff7f6/ico/stars/v1/stars_large_4_half.png,https://s3-media2.fl.yelpcdn.com/assets/2/www/img/a5221e66bc70/ico/stars/v1/stars_small_4_half.png,75,https://s3-media4.fl.yelpcdn.com/photo/XquhdIlXtr53WiKz2PBvjQ/ms.jpg,"Randomly stopped in and LOVED it. Cozy, great service and great ambiance. 

The bartenders (Bill and Zach) were great and attentive. We ordered three...",https://www.yelp.com/biz/bar-587-san-francisco?adjust_creative=SD5ybcet2QSwWXz2N7M5lw&utm_campaign=yelp_api&utm_medium=api_v2_search&utm_source=SD5ybcet2QSwWXz2N7M5lw
9,"[[u'Bars', u'bars'], [u'American (Traditional)', u'tradamerican']]",,+1-415-982-8898,,the-boardroom-san-francisco,https://s3-media1.fl.yelpcdn.com/bphoto/stdpGohji_hSg6yLS7bKLA/ms.jpg,True,False,[u'1609 Powell St'],San Francisco,37.79948,-122.41085,US,Union St & Green St,"[u'1609 Powell St', u'Russian Hill', u'San Francisco, CA 94133']",8.0,"[u'Russian Hill', u'North Beach/Telegraph Hill']",94133,CA,,,https://m.yelp.com/biz/the-boardroom-san-francisco?adjust_creative=SD5ybcet2QSwWXz2N7M5lw&utm_campaign=yelp_api&utm_medium=api_v2_search&utm_source=SD5ybcet2QSwWXz2N7M5lw,The Boardroom,4159828898,4.0,https://s3-media4.fl.yelpcdn.com/assets/2/www/img/c2f3dd9799a5/ico/stars/v1/stars_4.png,https://s3-media2.fl.yelpcdn.com/assets/2/www/img/ccf2b76faa2c/ico/stars/v1/stars_large_4.png,https://s3-media4.fl.yelpcdn.com/assets/2/www/img/f62a5be2f902/ico/stars/v1/stars_small_4.png,379,https://s3-media4.fl.yelpcdn.com/photo/nrwFiamD66my1FJH5g8m2Q/ms.jpg,I randomly picked a bar on a map in a neighborhood we hadn't visited yet - and The Boardroom was it! I was pretty thrilled with my random choice. We sat...,https://www.yelp.com/biz/the-boardroom-san-francisco?adjust_creative=SD5ybcet2QSwWXz2N7M5lw&utm_campaign=yelp_api&utm_medium=api_v2_search&utm_source=SD5ybcet2QSwWXz2N7M5lw
10,"[[u'Lounges', u'lounges']]",,+1-415-474-4448,,rye-san-francisco,https://s3-media2.fl.yelpcdn.com/bphoto/-fv6K7Nn0u--YfIQYPOB7w/ms.jpg,True,False,[u'688 Geary St'],San Francisco,37.78677,-122.41461,US,Jones St & Leavenworth St,"[u'688 Geary St', u'Lower Nob Hill', u'San Francisco, CA 94102']",8.0,[u'Lower Nob Hill'],94102,CA,1472595395.0,single_platform,https://m.yelp.com/biz/rye-san-francisco?adjust_creative=SD5ybcet2QSwWXz2N7M5lw&utm_campaign=yelp_api&utm_medium=api_v2_search&utm_source=SD5ybcet2QSwWXz2N7M5lw,Rye,4154744448,4.0,https://s3-media4.fl.yelpcdn.com/assets/2/www/img/c2f3dd9799a5/ico/stars/v1/stars_4.png,https://s3-media2.fl.yelpcdn.com/assets/2/www/img/ccf2b76faa2c/ico/stars/v1/stars_large_4.png,https://s3-media4.fl.yelpcdn.com/assets/2/www/img/f62a5be2f902/ico/stars/v1/stars_small_4.png,1285,https://s3-media2.fl.yelpcdn.com/photo/D11_fces0bOnEjo3R6Q4cw/ms.jpg,"It's pretty cool that you can get a $4 Modelo or a really blown-out cocktail. Diff'rent strokes for diff'rent folks. 

It's a big space, although there's...",https://www.yelp.com/biz/rye-san-francisco?adjust_creative=SD5ybcet2QSwWXz2N7M5lw&utm_campaign=yelp_api&utm_medium=api_v2_search&utm_source=SD5ybcet2QSwWXz2N7M5lw
11,"[[u'American (New)', u'newamerican'], [u'Cocktail Bars', u'cocktailbars'], [u'Venues & Event Spaces', u'venues']]",,+1-415-434-4204,,barbarossa-lounge-san-francisco,https://s3-media4.fl.yelpcdn.com/bphoto/731JgH06S016VusUjVB9Fg/ms.jpg,True,False,[u'714 Montgomery St'],San Francisco,37.7960137278,-122.403321862,US,Jackson St & Columbus Ave,"[u'714 Montgomery St', u'Financial District', u'San Francisco, CA 94111']",8.0,[u'Financial District'],94111,CA,,,https://m.yelp.com/biz/barbarossa-lounge-san-francisco?adjust_creative=SD5ybcet2QSwWXz2N7M5lw&utm_campaign=yelp_api&utm_medium=api_v2_search&utm_source=SD5ybcet2QSwWXz2N7M5lw,Barbarossa Lounge,4154344204,4.5,https://s3-media2.fl.yelpcdn.com/assets/2/www/img/99493c12711e/ico/stars/v1/stars_4_half.png,https://s3-media4.fl.yelpcdn.com/assets/2/www/img/9f83790ff7f6/ico/stars/v1/stars_large_4_half.png,https://s3-media2.fl.yelpcdn.com/assets/2/www/img/a5221e66bc70/ico/stars/v1/stars_small_4_half.png,145,https://s3-media3.fl.yelpcdn.com/photo/WTp1lCW9h7BBYVRYvbmGYQ/ms.jpg,"ALL YOU NEED TO KNOW:

I have been living in San Francisco for over 6 years now in addition to being involved in the nightlife industry within the city. I...",https://www.yelp.com/biz/barbarossa-lounge-san-francisco?adjust_creative=SD5ybcet2QSwWXz2N7M5lw&utm_campaign=yelp_api&utm_medium=api_v2_search&utm_source=SD5ybcet2QSwWXz2N7M5lw
12,"[[u'Cocktail Bars', u'cocktailbars'], [u'American (Traditional)', u'tradamerican']]",,+1-415-872-7773,,hos-bootleg-tavern-san-francisco,https://s3-media3.fl.yelpcdn.com/bphoto/2aaEXpsrm8xVM_i73gWqhg/ms.jpg,True,False,[u'2360 Van Ness Ave'],San Francisco,37.7974891663,-122.42339325,US,,"[u'2360 Van Ness Ave', u'Russian Hill', u'San Francisco, CA 94109']",8.0,[u'Russian Hill'],94109,CA,,,https://m.yelp.com/biz/hos-bootleg-tavern-san-francisco?adjust_creative=SD5ybcet2QSwWXz2N7M5lw&utm_campaign=yelp_api&utm_medium=api_v2_search&utm_source=SD5ybcet2QSwWXz2N7M5lw,Ho's Bootleg Tavern,4158727773,4.5,https://s3-media2.fl.yelpcdn.com/assets/2/www/img/99493c12711e/ico/stars/v1/stars_4_half.png,https://s3-media4.fl.yelpcdn.com/assets/2/www/img/9f83790ff7f6/ico/stars/v1/stars_large_4_half.png,https://s3-media2.fl.yelpcdn.com/assets/2/www/img/a5221e66bc70/ico/stars/v1/stars_small_4_half.png,71,https://s3-media4.fl.yelpcdn.com/photo/Dskxk-RpQW9OLOwG47wR5Q/ms.jpg,"Great bar

The bar staff are awesome. 

Definitely try out the deep fried Oreos. I come back to have these weekly.",https://www.yelp.com/biz/hos-bootleg-tavern-san-francisco?adjust_creative=SD5ybcet2QSwWXz2N7M5lw&utm_campaign=yelp_api&utm_medium=api_v2_search&utm_source=SD5ybcet2QSwWXz2N7M5lw
13,"[[u'Pubs', u'pubs'], [u'Cocktail Bars', u'cocktailbars']]",,+1-415-928-0677,,zekis-bar-san-francisco,https://s3-media4.fl.yelpcdn.com/bphoto/QY16Dz_SD1fS43vMPtVZAQ/ms.jpg,True,False,[u'1319 California St'],San Francisco,37.79095,-122.41612,US,Helen Pl & Leavenworth St,"[u'1319 California St', u'Nob Hill', u'San Francisco, CA 94109']",8.0,[u'Nob Hill'],94109,CA,,,https://m.yelp.com/biz/zekis-bar-san-francisco?adjust_creative=SD5ybcet2QSwWXz2N7M5lw&utm_campaign=yelp_api&utm_medium=api_v2_search&utm_source=SD5ybcet2QSwWXz2N7M5lw,Zeki's Bar,4159280677,4.0,https://s3-media4.fl.yelpcdn.com/assets/2/www/img/c2f3dd9799a5/ico/stars/v1/stars_4.png,https://s3-media2.fl.yelpcdn.com/assets/2/www/img/ccf2b76faa2c/ico/stars/v1/stars_large_4.png,https://s3-media4.fl.yelpcdn.com/assets/2/www/img/f62a5be2f902/ico/stars/v1/stars_small_4.png,233,https://s3-media2.fl.yelpcdn.com/photo/I42wjmG2MPsV2ZYd_G7AqA/ms.jpg,Nice atmosphere and the mix a great rusty nail. Had lots of sorts on the TV and opens to the sidewalk,https://www.yelp.com/biz/zekis-bar-san-francisco?adjust_creative=SD5ybcet2QSwWXz2N7M5lw&utm_campaign=yelp_api&utm_medium=api_v2_search&utm_source=SD5ybcet2QSwWXz2N7M5lw
14,"[[u'Cocktail Bars', u'cocktailbars'], [u'Lounges', u'lounges']]",,+1-415-757-0290,,topsys-fun-house-san-francisco,https://s3-media1.fl.yelpcdn.com/bphoto/rIThdpt70JhgOufkK5jArg/ms.jpg,True,False,[u'260 Kearny St'],San Francisco,37.7905828,-122.4038175,US,Bush St & Hardie Pl,"[u'260 Kearny St', u'Financial District', u'San Francisco, CA 94108']",9.5,[u'Financial District'],94108,CA,,,https://m.yelp.com/biz/topsys-fun-house-san-francisco?adjust_creative=SD5ybcet2QSwWXz2N7M5lw&utm_campaign=yelp_api&utm_medium=api_v2_search&utm_source=SD5ybcet2QSwWXz2N7M5lw,Topsy's Fun House,4157570290,4.5,https://s3-media2.fl.yelpcdn.com/assets/2/www/img/99493c12711e/ico/stars/v1/stars_4_half.png,https://s3-media4.fl.yelpcdn.com/assets/2/www/img/9f83790ff7f6/ico/stars/v1/stars_large_4_half.png,https://s3-media2.fl.yelpcdn.com/assets/2/www/img/a5221e66bc70/ico/stars/v1/stars_small_4_half.png,259,https://s3-media1.fl.yelpcdn.com/photo/H9dWBP705XqMUXh4UcHt0g/ms.jpg,"What a strange, but awesome place. The bartenders are attractive and friendly, and you never feel ignored.
THE BARSTOOLS ARE GIANT SPRINGS. Sit on them....",https://www.yelp.com/biz/topsys-fun-house-san-francisco?adjust_creative=SD5ybcet2QSwWXz2N7M5lw&utm_campaign=yelp_api&utm_medium=api_v2_search&utm_source=SD5ybcet2QSwWXz2N7M5lw
15,"[[u'Gastropubs', u'gastropubs'], [u'Beer Bar', u'beerbar']]",,+1-415-361-5500,,hogwash-san-francisco,https://s3-media2.fl.yelpcdn.com/bphoto/yH4icakrVBLn-o2guHwoWA/ms.jpg,True,False,[u'582 Sutter St'],San Francisco,37.7891754,-122.4099292,US,Mason St & Powell St,"[u'582 Sutter St', u'Union Square', u'San Francisco, CA 94102']",9.5,[u'Union Square'],94102,CA,,,https://m.yelp.com/biz/hogwash-san-francisco?adjust_creative=SD5ybcet2QSwWXz2N7M5lw&utm_campaign=yelp_api&utm_medium=api_v2_search&utm_source=SD5ybcet2QSwWXz2N7M5lw,Hogwash,4153615500,4.5,https://s3-media2.fl.yelpcdn.com/assets/2/www/img/99493c12711e/ico/stars/v1/stars_4_half.png,https://s3-media4.fl.yelpcdn.com/assets/2/www/img/9f83790ff7f6/ico/stars/v1/stars_large_4_half.png,https://s3-media2.fl.yelpcdn.com/assets/2/www/img/a5221e66bc70/ico/stars/v1/stars_small_4_half.png,502,https://s3-media1.fl.yelpcdn.com/photo/tIS24SICJGsdZFvwpJRpUA/ms.jpg,"Fantastic. Great barrel age dark stout and a super tasty Sheepish (lamb, beets, blue cheese)! Friendly outgoing staff. 

Whole lotta tasty sausage in the house.",https://www.yelp.com/biz/hogwash-san-francisco?adjust_creative=SD5ybcet2QSwWXz2N7M5lw&utm_campaign=yelp_api&utm_medium=api_v2_search&utm_source=SD5ybcet2QSwWXz2N7M5lw
16,"[[u'Lounges', u'lounges'], [u'American (New)', u'newamerican']]",,+1-415-617-0071,,comstock-saloon-san-francisco,https://s3-media3.fl.yelpcdn.com/bphoto/6vAqJH5xEqPY2rFyIrSP8Q/ms.jpg,True,False,[u'155 Columbus Ave'],San Francisco,37.7967419475,-122.405046523,US,Kearny St & Jackson St,"[u'155 Columbus Ave', u'Chinatown', u'San Francisco, CA 94133']",8.0,[u'Chinatown'],94133,CA,1472695110.0,single_platform,https://m.yelp.com/biz/comstock-saloon-san-francisco?adjust_creative=SD5ybcet2QSwWXz2N7M5lw&utm_campaign=yelp_api&utm_medium=api_v2_search&utm_source=SD5ybcet2QSwWXz2N7M5lw,Comstock Saloon,4156170071,4.0,https://s3-media4.fl.yelpcdn.com/assets/2/www/img/c2f3dd9799a5/ico/stars/v1/stars_4.png,https://s3-media2.fl.yelpcdn.com/assets/2/www/img/ccf2b76faa2c/ico/stars/v1/stars_large_4.png,https://s3-media4.fl.yelpcdn.com/assets/2/www/img/f62a5be2f902/ico/stars/v1/stars_small_4.png,790,https://s3-media4.fl.yelpcdn.com/photo/-j8aRMi1mVLsQ8H6EVlB5g/ms.jpg,Came here early on a Saturday evening to grab a bite to eat. The man at the front desk was SO friendly. He quickly put together two small tables for us and...,https://www.yelp.com/biz/comstock-saloon-san-francisco?adjust_creative=SD5ybcet2QSwWXz2N7M5lw&utm_campaign=yelp_api&utm_medium=api_v2_search&utm_source=SD5ybcet2QSwWXz2N7M5lw
17,"[[u'Cocktail Bars', u'cocktailbars']]",,,,hi-lo-club-san-francisco,https://s3-media1.fl.yelpcdn.com/bphoto/5v_rwHoqoCqK6jntHH7EpA/ms.jpg,True,False,[u'1423 Polk St'],San Francisco,37.7899208,-122.4208221,US,California St & Pine St,"[u'1423 Polk St', u'Nob Hill', u'San Francisco, CA 94109']",8.0,[u'Nob Hill'],94109,CA,,,https://m.yelp.com/biz/hi-lo-club-san-francisco?adjust_creative=SD5ybcet2QSwWXz2N7M5lw&utm_campaign=yelp_api&utm_medium=api_v2_search&utm_source=SD5ybcet2QSwWXz2N7M5lw,Hi-Lo Club,,4.0,https://s3-media4.fl.yelpcdn.com/assets/2/www/img/c2f3dd9799a5/ico/stars/v1/stars_4.png,https://s3-media2.fl.yelpcdn.com/assets/2/www/img/ccf2b76faa2c/ico/stars/v1/stars_large_4.png,https://s3-media4.fl.yelpcdn.com/assets/2/www/img/f62a5be2f902/ico/stars/v1/stars_small_4.png,119,https://s3-media1.fl.yelpcdn.com/photo/1_0jISpGJg7kKzwgg0K-EQ/ms.jpg,Very cool cocktail bar. Nice and dark with real candlelight. Dig it. Got a real good whiskey drink with Blanton's with Luxardo cherries. Excellent.,https://www.yelp.com/biz/hi-lo-club-san-francisco?adjust_creative=SD5ybcet2QSwWXz2N7M5lw&utm_campaign=yelp_api&utm_medium=api_v2_search&utm_source=SD5ybcet2QSwWXz2N7M5lw
18,"[[u'Sports Bars', u'sportsbars'], [u'Lounges', u'lounges'], [u'Cocktail Bars', u'cocktailbars']]",,+1-415-735-5522,,jackalope-san-francisco,https://s3-media3.fl.yelpcdn.com/bphoto/kuPWmpxpWGE2_J3mp_M76g/ms.jpg,True,False,[u'1092 Post St'],San Francisco,37.7869299073,-122.419840355,US,Polk St & United States Highway 101,"[u'1092 Post St', u'Lower Nob Hill', u'San Francisco, CA 94109']",9.5,[u'Lower Nob Hill'],94109,CA,1472870797.0,single_platform,https://m.yelp.com/biz/jackalope-san-francisco?adjust_creative=SD5ybcet2QSwWXz2N7M5lw&utm_campaign=yelp_api&utm_medium=api_v2_search&utm_source=SD5ybcet2QSwWXz2N7M5lw,Jackalope,4157355522,4.5,https://s3-media2.fl.yelpcdn.com/assets/2/www/img/99493c12711e/ico/stars/v1/stars_4_half.png,https://s3-media4.fl.yelpcdn.com/assets/2/www/img/9f83790ff7f6/ico/stars/v1/stars_large_4_half.png,https://s3-media2.fl.yelpcdn.com/assets/2/www/img/a5221e66bc70/ico/stars/v1/stars_small_4_half.png,57,https://s3-media1.fl.yelpcdn.com/photo/1_0jISpGJg7kKzwgg0K-EQ/ms.jpg,Very cool cocktail bar. The atmosphere is kinda creepy but in a fun way. Reminds me of Donnie Darko. The bartender was a very cool guy. Played requests for...,https://www.yelp.com/biz/jackalope-san-francisco?adjust_creative=SD5ybcet2QSwWXz2N7M5lw&utm_campaign=yelp_api&utm_medium=api_v2_search&utm_source=SD5ybcet2QSwWXz2N7M5lw
19,"[[u'Tapas/Small Plates', u'tapasmallplates'], [u'Beer Bar', u'beerbar'], [u'Burgers', u'burgers']]",,+1-415-829-8226,,buffalo-theory-san-francisco-2,https://s3-media1.fl.yelpcdn.com/bphoto/cfSCIXmJswpUYVaS-GMHKg/ms.jpg,True,False,[u'1735 Polk St'],San Francisco,37.79284,-122.42144,US,Washington St & Clay St,"[u'1735 Polk St', u'Nob Hill', u'San Francisco, CA 94109']",8.0,[u'Nob Hill'],94109,CA,,,https://m.yelp.com/biz/buffalo-theory-san-francisco-2?adjust_creative=SD5ybcet2QSwWXz2N7M5lw&utm_campaign=yelp_api&utm_medium=api_v2_search&utm_source=SD5ybcet2QSwWXz2N7M5lw,Buffalo Theory,4158298226,4.0,https://s3-media4.fl.yelpcdn.com/assets/2/www/img/c2f3dd9799a5/ico/stars/v1/stars_4.png,https://s3-media2.fl.yelpcdn.com/assets/2/www/img/ccf2b76faa2c/ico/stars/v1/stars_large_4.png,https://s3-media4.fl.yelpcdn.com/assets/2/www/img/f62a5be2f902/ico/stars/v1/stars_small_4.png,80,https://s3-media4.fl.yelpcdn.com/photo/tYeH1QwVcxXy78CWvWfFoA/ms.jpg,"Good ambience. Low, soft lighting with nice decor that is simple, yet inviting. If you love beer, this would be good place to try. They have an extensive...",https://www.yelp.com/biz/buffalo-theory-san-francisco-2?adjust_creative=SD5ybcet2QSwWXz2N7M5lw&utm_campaign=yelp_api&utm_medium=api_v2_search&utm_source=SD5ybcet2QSwWXz2N7M5lw
0,"[[u'Austrian', u'austrian'], [u'Bars', u'bars']]",,+1-415-474-2000,,leopolds-san-francisco-2,https://s3-media1.fl.yelpcdn.com/bphoto/K7XMJrigGsnrLu538UimJA/ms.jpg,True,False,[u'2400 Polk St'],San Francisco,37.798927,-122.422073,US,Union St & Filbert St,"[u'2400 Polk St', u'Russian Hill', u'San Francisco, CA 94109']",8.0,[u'Russian Hill'],94109,CA,1472724091.0,single_platform,https://m.yelp.com/biz/leopolds-san-francisco-2?adjust_creative=SD5ybcet2QSwWXz2N7M5lw&utm_campaign=yelp_api&utm_medium=api_v2_search&utm_source=SD5ybcet2QSwWXz2N7M5lw,Leopold's,4154742000,4.5,https://s3-media2.fl.yelpcdn.com/assets/2/www/img/99493c12711e/ico/stars/v1/stars_4_half.png,https://s3-media4.fl.yelpcdn.com/assets/2/www/img/9f83790ff7f6/ico/stars/v1/stars_large_4_half.png,https://s3-media2.fl.yelpcdn.com/assets/2/www/img/a5221e66bc70/ico/stars/v1/stars_small_4_half.png,864,https://s3-media3.fl.yelpcdn.com/photo/FnWKM2TzwhUxrHBAbfuFhw/ms.jpg,"One of our favorite places to go in the city. Consistently great, authentic German food. 

If you love Wiener Schnitzel, Spaetzle and really good draft...",https://www.yelp.com/biz/leopolds-san-francisco-2?adjust_creative=SD5ybcet2QSwWXz2N7M5lw&utm_campaign=yelp_api&utm_medium=api_v2_search&utm_source=SD5ybcet2QSwWXz2N7M5lw
1,"[[u'Lounges', u'lounges'], [u'Cocktail Bars', u'cocktailbars']]",,+1-415-699-6545,,the-hancock-room-san-francisco,https://s3-media2.fl.yelpcdn.com/bphoto/jgv4Ujad3cewxEUTav2Ccw/ms.jpg,True,False,[u'1350 Powell St'],San Francisco,37.7972488403,-122.410003662,US,Fisher Aly & Robert C Levy Tunl,"[u'1350 Powell St', u'Chinatown', u'San Francisco, CA 94133']",8.0,[u'Chinatown'],94133,CA,,,https://m.yelp.com/biz/the-hancock-room-san-francisco?adjust_creative=SD5ybcet2QSwWXz2N7M5lw&utm_campaign=yelp_api&utm_medium=api_v2_search&utm_source=SD5ybcet2QSwWXz2N7M5lw,The Hancock Room,4156996545,4.5,https://s3-media2.fl.yelpcdn.com/assets/2/www/img/99493c12711e/ico/stars/v1/stars_4_half.png,https://s3-media4.fl.yelpcdn.com/assets/2/www/img/9f83790ff7f6/ico/stars/v1/stars_large_4_half.png,https://s3-media2.fl.yelpcdn.com/assets/2/www/img/a5221e66bc70/ico/stars/v1/stars_small_4_half.png,15,https://s3-media2.fl.yelpcdn.com/photo/CzZ9EtszP06pHs4Twt0z2g/ms.jpg,"This past weekend, I was so happy and amazed to have a birthday party for a group of 40-50 of my friends at the one and only Hancock Room. Being the upper...",https://www.yelp.com/biz/the-hancock-room-san-francisco?adjust_creative=SD5ybcet2QSwWXz2N7M5lw&utm_campaign=yelp_api&utm_medium=api_v2_search&utm_source=SD5ybcet2QSwWXz2N7M5lw
2,"[[u'Hawaiian', u'hawaiian'], [u'Cocktail Bars', u'cocktailbars'], [u'Wine Bars', u'wine_bars']]",,+1-415-440-5446,,louies-gen-gen-room-san-francisco,https://s3-media1.fl.yelpcdn.com/bphoto/HE9pHAQZg4rZdTGxBi_IXA/ms.jpg,True,False,[u'871 Sutter St'],San Francisco,37.7881799,-122.41458,US,Jones St & Leavenworth St,"[u'871 Sutter St', u'Lower Nob Hill', u'San Francisco, CA 94109']",8.0,[u'Lower Nob Hill'],94109,CA,,,https://m.yelp.com/biz/louies-gen-gen-room-san-francisco?adjust_creative=SD5ybcet2QSwWXz2N7M5lw&utm_campaign=yelp_api&utm_medium=api_v2_search&utm_source=SD5ybcet2QSwWXz2N7M5lw,Louie's Gen-Gen Room,4154405446,4.5,https://s3-media2.fl.yelpcdn.com/assets/2/www/img/99493c12711e/ico/stars/v1/stars_4_half.png,https://s3-media4.fl.yelpcdn.com/assets/2/www/img/9f83790ff7f6/ico/stars/v1/stars_large_4_half.png,https://s3-media2.fl.yelpcdn.com/assets/2/www/img/a5221e66bc70/ico/stars/v1/stars_small_4_half.png,49,https://s3-media2.fl.yelpcdn.com/photo/dwc3CkJfEqeFNlsCfdRMIw/ms.jpg,"This is the downstairs bar of Liholiho Yacht Club, so you get escorted through the restaurant and downstairs into a very intimate and dark room. There's a...",https://www.yelp.com/biz/louies-gen-gen-room-san-francisco?adjust_creative=SD5ybcet2QSwWXz2N7M5lw&utm_campaign=yelp_api&utm_medium=api_v2_search&utm_source=SD5ybcet2QSwWXz2N7M5lw
3,"[[u'Breweries', u'breweries'], [u'Beer Bar', u'beerbar']]",,+1-415-483-5530,,woods-polk-station-san-francisco,https://s3-media2.fl.yelpcdn.com/bphoto/1AvumrAfq9Mf44z_bfXyrQ/ms.jpg,True,False,[u'2255 Polk St'],San Francisco,37.7976772,-122.4224784,US,Green St & Bonita St,"[u'2255 Polk St', u'Russian Hill', u'San Francisco, CA 94109']",9.5,[u'Russian Hill'],94109,CA,1472842563.0,single_platform,https://m.yelp.com/biz/woods-polk-station-san-francisco?adjust_creative=SD5ybcet2QSwWXz2N7M5lw&utm_campaign=yelp_api&utm_medium=api_v2_search&utm_source=SD5ybcet2QSwWXz2N7M5lw,Woods Polk Station,4154835530,4.5,https://s3-media2.fl.yelpcdn.com/assets/2/www/img/99493c12711e/ico/stars/v1/stars_4_half.png,https://s3-media4.fl.yelpcdn.com/assets/2/www/img/9f83790ff7f6/ico/stars/v1/stars_large_4_half.png,https://s3-media2.fl.yelpcdn.com/assets/2/www/img/a5221e66bc70/ico/stars/v1/stars_small_4_half.png,53,https://s3-media2.fl.yelpcdn.com/photo/dUV3BJf5ZK5Azi752PJeBw/ms.jpg,"Delicious beers, friendly bartender, amazing empanadas. Perfect for a small dinner with a friend, or just to hang out after a long run (how I initially...",https://www.yelp.com/biz/woods-polk-station-san-francisco?adjust_creative=SD5ybcet2QSwWXz2N7M5lw&utm_campaign=yelp_api&utm_medium=api_v2_search&utm_source=SD5ybcet2QSwWXz2N7M5lw
4,"[[u'Wine Bars', u'wine_bars'], [u'Lounges', u'lounges'], [u'Beer, Wine & Spirits', u'beer_and_wine']]",,+1-415-825-0741,,resolute-san-francisco,https://s3-media2.fl.yelpcdn.com/bphoto/2Y1867ttALvZNcHz89Oxqg/ms.jpg,True,False,[u'678 Geary St'],San Francisco,37.7866898,-122.4146194,US,Jones St & Leavenworth St,"[u'678 Geary St', u'Lower Nob Hill', u'San Francisco, CA 94102']",8.0,[u'Lower Nob Hill'],94102,CA,,,https://m.yelp.com/biz/resolute-san-francisco?adjust_creative=SD5ybcet2QSwWXz2N7M5lw&utm_campaign=yelp_api&utm_medium=api_v2_search&utm_source=SD5ybcet2QSwWXz2N7M5lw,Resolute,4158250741,4.5,https://s3-media2.fl.yelpcdn.com/assets/2/www/img/99493c12711e/ico/stars/v1/stars_4_half.png,https://s3-media4.fl.yelpcdn.com/assets/2/www/img/9f83790ff7f6/ico/stars/v1/stars_large_4_half.png,https://s3-media2.fl.yelpcdn.com/assets/2/www/img/a5221e66bc70/ico/stars/v1/stars_small_4_half.png,104,https://s3-media1.fl.yelpcdn.com/photo/diZKkN9kOyq3A5bo39Y9aw/ms.jpg,"I was searching for a happy hour spot by my hotel and found this quaint spot down the block from where I was staying.  I arrived around 6pm, happy hour ends...",https://www.yelp.com/biz/resolute-san-francisco?adjust_creative=SD5ybcet2QSwWXz2N7M5lw&utm_campaign=yelp_api&utm_medium=api_v2_search&utm_source=SD5ybcet2QSwWXz2N7M5lw
5,"[[u'Cocktail Bars', u'cocktailbars'], [u'Venues & Event Spaces', u'venues'], [u'Whiskey Bars', u'whiskeybars']]",,+1-415-398-2827,,rickhouse-san-francisco,https://s3-media4.fl.yelpcdn.com/bphoto/8sOtD0DuzVg6eSxaqt6UuA/ms.jpg,True,False,[u'246 Kearny St'],San Francisco,37.7904968262,-122.403594971,US,Hardie Pl & Sutter St,"[u'246 Kearny St', u'Financial District', u'San Francisco, CA 94108']",8.0,[u'Financial District'],94108,CA,,,https://m.yelp.com/biz/rickhouse-san-francisco?adjust_creative=SD5ybcet2QSwWXz2N7M5lw&utm_campaign=yelp_api&utm_medium=api_v2_search&utm_source=SD5ybcet2QSwWXz2N7M5lw,Rickhouse,4153982827,4.0,https://s3-media4.fl.yelpcdn.com/assets/2/www/img/c2f3dd9799a5/ico/stars/v1/stars_4.png,https://s3-media2.fl.yelpcdn.com/assets/2/www/img/ccf2b76faa2c/ico/stars/v1/stars_large_4.png,https://s3-media4.fl.yelpcdn.com/assets/2/www/img/f62a5be2f902/ico/stars/v1/stars_small_4.png,1514,https://s3-media2.fl.yelpcdn.com/photo/zjtxEig3UfAeNt4cfx_WNQ/ms.jpg,"Helloooo eye candy! Ladies, take a gander behind the bar; the men are flirty and urbanly dressed. If you're a visitor to SF, then this semi-speakeasy is a...",https://www.yelp.com/biz/rickhouse-san-francisco?adjust_creative=SD5ybcet2QSwWXz2N7M5lw&utm_campaign=yelp_api&utm_medium=api_v2_search&utm_source=SD5ybcet2QSwWXz2N7M5lw
6,"[[u'Lounges', u'lounges']]",,+1-415-963-1713,,church-key-san-francisco,https://s3-media4.fl.yelpcdn.com/bphoto/Un486VUxdnRqh0sXkWHhxQ/ms.jpg,True,False,[u'1402 Grant Ave'],San Francisco,37.7998559922,-122.407367304,US,Green St & Union St,"[u'1402 Grant Ave', u'North Beach/Telegraph Hill', u'San Francisco, CA 94133']",8.0,[u'North Beach/Telegraph Hill'],94133,CA,,,https://m.yelp.com/biz/church-key-san-francisco?adjust_creative=SD5ybcet2QSwWXz2N7M5lw&utm_campaign=yelp_api&utm_medium=api_v2_search&utm_source=SD5ybcet2QSwWXz2N7M5lw,Church Key,4159631713,4.0,https://s3-media4.fl.yelpcdn.com/assets/2/www/img/c2f3dd9799a5/ico/stars/v1/stars_4.png,https://s3-media2.fl.yelpcdn.com/assets/2/www/img/ccf2b76faa2c/ico/stars/v1/stars_large_4.png,https://s3-media4.fl.yelpcdn.com/assets/2/www/img/f62a5be2f902/ico/stars/v1/stars_small_4.png,302,https://s3-media1.fl.yelpcdn.com/photo/QoSV4vZP3PG8PUKCbaHvzg/ms.jpg,"The best joint to grab a drink in the hood if you want to do a low key night.

They only serve beer & wine.  But the beer options are impressive.  If you're...",https://www.yelp.com/biz/church-key-san-francisco?adjust_creative=SD5ybcet2QSwWXz2N7M5lw&utm_campaign=yelp_api&utm_medium=api_v2_search&utm_source=SD5ybcet2QSwWXz2N7M5lw
7,"[[u'Cocktail Bars', u'cocktailbars'], [u'Venues & Event Spaces', u'venues']]",,+1-415-766-4363,,the-devils-acre-san-francisco,https://s3-media2.fl.yelpcdn.com/bphoto/ATGyosV5IhFGFyp3zz6BDw/ms.jpg,True,False,[u'256 Columbus Ave'],San Francisco,37.797664,-122.4060816,US,Broadway St & Jack Kerouac Aly,"[u'256 Columbus Ave', u'Chinatown', u'San Francisco, CA 94133']",8.0,[u'Chinatown'],94133,CA,1472871950.0,single_platform,https://m.yelp.com/biz/the-devils-acre-san-francisco?adjust_creative=SD5ybcet2QSwWXz2N7M5lw&utm_campaign=yelp_api&utm_medium=api_v2_search&utm_source=SD5ybcet2QSwWXz2N7M5lw,The Devil's Acre,4157664363,4.0,https://s3-media4.fl.yelpcdn.com/assets/2/www/img/c2f3dd9799a5/ico/stars/v1/stars_4.png,https://s3-media2.fl.yelpcdn.com/assets/2/www/img/ccf2b76faa2c/ico/stars/v1/stars_large_4.png,https://s3-media4.fl.yelpcdn.com/assets/2/www/img/f62a5be2f902/ico/stars/v1/stars_small_4.png,191,https://s3-media1.fl.yelpcdn.com/photo/2O9QzIwXow7ROEbGKWsQRg/ms.jpg,I met up with a few friends at The Devil's Arce before having dinner nearby.  It's a very nice bar!  Very spacious and multilevel.  It was around 8pm on a...,https://www.yelp.com/biz/the-devils-acre-san-francisco?adjust_creative=SD5ybcet2QSwWXz2N7M5lw&utm_campaign=yelp_api&utm_medium=api_v2_search&utm_source=SD5ybcet2QSwWXz2N7M5lw
8,"[[u'Cocktail Bars', u'cocktailbars'], [u'Venues & Event Spaces', u'venues'], [u'Speakeasies', u'speakeasies']]",,+1-415-346-1735,,bourbon-and-branch-san-francisco,https://s3-media4.fl.yelpcdn.com/bphoto/8dFylWj1_w25JPR_MMxrQA/ms.jpg,True,False,[u'501 Jones St'],San Francisco,37.7859158365,-122.413166825,US,Ofarrell St & Geary St,"[u'501 Jones St', u'Tenderloin', u'San Francisco, CA 94102']",9.5,[u'Tenderloin'],94102,CA,,,https://m.yelp.com/biz/bourbon-and-branch-san-francisco?adjust_creative=SD5ybcet2QSwWXz2N7M5lw&utm_campaign=yelp_api&utm_medium=api_v2_search&utm_source=SD5ybcet2QSwWXz2N7M5lw,Bourbon & Branch,4153461735,4.0,https://s3-media4.fl.yelpcdn.com/assets/2/www/img/c2f3dd9799a5/ico/stars/v1/stars_4.png,https://s3-media2.fl.yelpcdn.com/assets/2/www/img/ccf2b76faa2c/ico/stars/v1/stars_large_4.png,https://s3-media4.fl.yelpcdn.com/assets/2/www/img/f62a5be2f902/ico/stars/v1/stars_small_4.png,2648,https://s3-media3.fl.yelpcdn.com/photo/Vc16r-RrMYvDn3AzXWUekw/ms.jpg,"Went here for a Thursday evening drink. We had a reservation, we arrived, gave the password, and were quickly showed to a nice, private booth in the dimly...",https://www.yelp.com/biz/bourbon-and-branch-san-francisco?adjust_creative=SD5ybcet2QSwWXz2N7M5lw&utm_campaign=yelp_api&utm_medium=api_v2_search&utm_source=SD5ybcet2QSwWXz2N7M5lw
9,"[[u'Sports Bars', u'sportsbars'], [u'Cocktail Bars', u'cocktailbars']]",,+1-415-549-7111,,cabin-san-francisco,https://s3-media1.fl.yelpcdn.com/bphoto/wQ_O4eqI3V32CdV8I7Ln9Q/ms.jpg,True,False,[u'1750 Polk St'],San Francisco,37.793125,-122.420906,US,Washington St & Clay St,"[u'1750 Polk St', u'Nob Hill', u'San Francisco, CA 94109']",8.0,[u'Nob Hill'],94109,CA,,,https://m.yelp.com/biz/cabin-san-francisco?adjust_creative=SD5ybcet2QSwWXz2N7M5lw&utm_campaign=yelp_api&utm_medium=api_v2_search&utm_source=SD5ybcet2QSwWXz2N7M5lw,Cabin,4155497111,4.0,https://s3-media4.fl.yelpcdn.com/assets/2/www/img/c2f3dd9799a5/ico/stars/v1/stars_4.png,https://s3-media2.fl.yelpcdn.com/assets/2/www/img/ccf2b76faa2c/ico/stars/v1/stars_large_4.png,https://s3-media4.fl.yelpcdn.com/assets/2/www/img/f62a5be2f902/ico/stars/v1/stars_small_4.png,96,https://s3-media2.fl.yelpcdn.com/photo/3GQE7QPOFmcahhrERwTU3w/ms.jpg,"After arriving in San Francisco in the early afternoon, we were looking to do a little cocktail exploring before dinner (okay very early pre-dinner...",https://www.yelp.com/biz/cabin-san-francisco?adjust_creative=SD5ybcet2QSwWXz2N7M5lw&utm_campaign=yelp_api&utm_medium=api_v2_search&utm_source=SD5ybcet2QSwWXz2N7M5lw
10,"[[u'Wine Bars', u'wine_bars'], [u'Champagne Bars', u'champagne_bars'], [u'Pizza', u'pizza']]",,+1-415-908-1988,,the-fine-mousse-san-francisco,https://s3-media3.fl.yelpcdn.com/bphoto/CLOCdeLQN1zlWY5IKbGUbQ/ms.jpg,True,False,[u'1098 Jackson St'],San Francisco,37.79539,-122.41306,US,Taylor St & Auburn St,"[u'1098 Jackson St', u'Nob Hill', u'San Francisco, CA 94133']",8.0,[u'Nob Hill'],94133,CA,1472896898.0,single_platform,https://m.yelp.com/biz/the-fine-mousse-san-francisco?adjust_creative=SD5ybcet2QSwWXz2N7M5lw&utm_campaign=yelp_api&utm_medium=api_v2_search&utm_source=SD5ybcet2QSwWXz2N7M5lw,The Fine Mousse,4159081988,4.5,https://s3-media2.fl.yelpcdn.com/assets/2/www/img/99493c12711e/ico/stars/v1/stars_4_half.png,https://s3-media4.fl.yelpcdn.com/assets/2/www/img/9f83790ff7f6/ico/stars/v1/stars_large_4_half.png,https://s3-media2.fl.yelpcdn.com/assets/2/www/img/a5221e66bc70/ico/stars/v1/stars_small_4_half.png,74,https://s3-media2.fl.yelpcdn.com/photo/2WNEtWJB9dT0fyzbFfYmMg/ms.jpg,"True hospitality and great champagne selection--can't go wrong. I was a weary and first-time traveler to SF, and when I couldn't find my HomeAway at...",https://www.yelp.com/biz/the-fine-mousse-san-francisco?adjust_creative=SD5ybcet2QSwWXz2N7M5lw&utm_campaign=yelp_api&utm_medium=api_v2_search&utm_source=SD5ybcet2QSwWXz2N7M5lw
11,"[[u'Jazz & Blues', u'jazzandblues'], [u'Dive Bars', u'divebars']]",,+1-415-989-7666,,the-saloon-san-francisco,https://s3-media1.fl.yelpcdn.com/bphoto/t7zxnLxf8MdL_ramUFKGWg/ms.jpg,True,False,[u'1232 Grant Ave'],San Francisco,37.7985649109,-122.406990051,US,Broadway St & Fresno St,"[u'1232 Grant Ave', u'North Beach/Telegraph Hill', u'San Francisco, CA 94133']",8.0,[u'North Beach/Telegraph Hill'],94133,CA,,,https://m.yelp.com/biz/the-saloon-san-francisco?adjust_creative=SD5ybcet2QSwWXz2N7M5lw&utm_campaign=yelp_api&utm_medium=api_v2_search&utm_source=SD5ybcet2QSwWXz2N7M5lw,The Saloon,4159897666,4.0,https://s3-media4.fl.yelpcdn.com/assets/2/www/img/c2f3dd9799a5/ico/stars/v1/stars_4.png,https://s3-media2.fl.yelpcdn.com/assets/2/www/img/ccf2b76faa2c/ico/stars/v1/stars_large_4.png,https://s3-media4.fl.yelpcdn.com/assets/2/www/img/f62a5be2f902/ico/stars/v1/stars_small_4.png,354,https://s3-media4.fl.yelpcdn.com/photo/ceLYbF8j_dg7W4UrEYZftw/ms.jpg,"5 star dive bar.

Repeat that - dive bar.

PBR on tap, full bar, small space, ridden hard and put away wet - and it's all good.

I dropped in here with a...",https://www.yelp.com/biz/the-saloon-san-francisco?adjust_creative=SD5ybcet2QSwWXz2N7M5lw&utm_campaign=yelp_api&utm_medium=api_v2_search&utm_source=SD5ybcet2QSwWXz2N7M5lw
12,"[[u'Dive Bars', u'divebars']]",,+1-415-362-1792,,buddha-lounge-san-francisco,https://s3-media3.fl.yelpcdn.com/bphoto/Fe3Cfv2UcfI2Tvg6NskKQw/ms.jpg,False,False,[u'901 Grant Ave'],San Francisco,37.7952804565,-122.406669617,US,Washington St,"[u'901 Grant Ave', u'Chinatown', u'San Francisco, CA 94108']",8.0,[u'Chinatown'],94108,CA,,,https://m.yelp.com/biz/buddha-lounge-san-francisco?adjust_creative=SD5ybcet2QSwWXz2N7M5lw&utm_campaign=yelp_api&utm_medium=api_v2_search&utm_source=SD5ybcet2QSwWXz2N7M5lw,Buddha Lounge,4153621792,4.0,https://s3-media4.fl.yelpcdn.com/assets/2/www/img/c2f3dd9799a5/ico/stars/v1/stars_4.png,https://s3-media2.fl.yelpcdn.com/assets/2/www/img/ccf2b76faa2c/ico/stars/v1/stars_large_4.png,https://s3-media4.fl.yelpcdn.com/assets/2/www/img/f62a5be2f902/ico/stars/v1/stars_small_4.png,269,https://s3-media2.fl.yelpcdn.com/assets/srv0/yelp_styleguide/189f2ca1fe8c/assets/img/default_avatars/user_medium_square.png,Lucky Buddha beer is the drink of choice at this particular establishment. I Have never seen this beer before and will probably never see it again. Buddha...,https://www.yelp.com/biz/buddha-lounge-san-francisco?adjust_creative=SD5ybcet2QSwWXz2N7M5lw&utm_campaign=yelp_api&utm_medium=api_v2_search&utm_source=SD5ybcet2QSwWXz2N7M5lw
13,"[[u'Whiskey Bars', u'whiskeybars']]",,+1-415-506-8331,,whiskey-thieves-san-francisco,https://s3-media3.fl.yelpcdn.com/bphoto/ZNPHvp1R3GRhySX3WsN2oQ/ms.jpg,False,False,[u'839 Geary St'],San Francisco,37.7860926,-122.4171254,US,Larkin St,"[u'839 Geary St', u'Tenderloin', u'San Francisco, CA 94109']",8.0,[u'Tenderloin'],94109,CA,,,https://m.yelp.com/biz/whiskey-thieves-san-francisco?adjust_creative=SD5ybcet2QSwWXz2N7M5lw&utm_campaign=yelp_api&utm_medium=api_v2_search&utm_source=SD5ybcet2QSwWXz2N7M5lw,Whiskey Thieves,4155068331,4.0,https://s3-media4.fl.yelpcdn.com/assets/2/www/img/c2f3dd9799a5/ico/stars/v1/stars_4.png,https://s3-media2.fl.yelpcdn.com/assets/2/www/img/ccf2b76faa2c/ico/stars/v1/stars_large_4.png,https://s3-media4.fl.yelpcdn.com/assets/2/www/img/f62a5be2f902/ico/stars/v1/stars_small_4.png,394,https://s3-media2.fl.yelpcdn.com/photo/1L7twLeyi3M-wdXSaYsndA/ms.jpg,"Sweet dive bar - I dig it.

I'm not that into watching  sports, but I came here twice with friends to watch the Warriors game (during finals too) because...",https://www.yelp.com/biz/whiskey-thieves-san-francisco?adjust_creative=SD5ybcet2QSwWXz2N7M5lw&utm_campaign=yelp_api&utm_medium=api_v2_search&utm_source=SD5ybcet2QSwWXz2N7M5lw
14,"[[u'Cocktail Bars', u'cocktailbars']]",,+1-415-271-0896,,rx-san-francisco-3,https://s3-media2.fl.yelpcdn.com/bphoto/V2XU-9_AtPP9dW1flCue-A/ms.jpg,False,False,[u'701 Geary St'],San Francisco,37.7863731,-122.4149628,US,Leavenworth St,"[u'701 Geary St', u'Tenderloin', u'San Francisco, CA 94109']",8.0,[u'Tenderloin'],94109,CA,,,https://m.yelp.com/biz/rx-san-francisco-3?adjust_creative=SD5ybcet2QSwWXz2N7M5lw&utm_campaign=yelp_api&utm_medium=api_v2_search&utm_source=SD5ybcet2QSwWXz2N7M5lw,Rx,4152710896,4.5,https://s3-media2.fl.yelpcdn.com/assets/2/www/img/99493c12711e/ico/stars/v1/stars_4_half.png,https://s3-media4.fl.yelpcdn.com/assets/2/www/img/9f83790ff7f6/ico/stars/v1/stars_large_4_half.png,https://s3-media2.fl.yelpcdn.com/assets/2/www/img/a5221e66bc70/ico/stars/v1/stars_small_4_half.png,52,https://s3-media1.fl.yelpcdn.com/photo/15jaP6i7q7QCZjRucZHjvA/ms.jpg,"Wonderful neighborhood bar. Down to earth bartenders, and the seating is nice. A good mix of couch / lounge space as well as a decent sized bar.
I love that...",https://www.yelp.com/biz/rx-san-francisco-3?adjust_creative=SD5ybcet2QSwWXz2N7M5lw&utm_campaign=yelp_api&utm_medium=api_v2_search&utm_source=SD5ybcet2QSwWXz2N7M5lw
15,"[[u'Irish Pub', u'irish_pubs']]",,+1-628-444-3101,,bar-nua-san-francisco,https://s3-media3.fl.yelpcdn.com/bphoto/NdV3IjaOoGFKZlWirwt2uw/ms.jpg,False,False,[u'561 Columbus Ave'],San Francisco,37.8000244143,-122.410023026,US,Union St & Green St,"[u'561 Columbus Ave', u'Russian Hill', u'San Francisco, CA 94133']",9.5,"[u'Russian Hill', u'North Beach/Telegraph Hill']",94133,CA,,,https://m.yelp.com/biz/bar-nua-san-francisco?adjust_creative=SD5ybcet2QSwWXz2N7M5lw&utm_campaign=yelp_api&utm_medium=api_v2_search&utm_source=SD5ybcet2QSwWXz2N7M5lw,Bar Nua,6284443101,4.5,https://s3-media2.fl.yelpcdn.com/assets/2/www/img/99493c12711e/ico/stars/v1/stars_4_half.png,https://s3-media4.fl.yelpcdn.com/assets/2/www/img/9f83790ff7f6/ico/stars/v1/stars_large_4_half.png,https://s3-media2.fl.yelpcdn.com/assets/2/www/img/a5221e66bc70/ico/stars/v1/stars_small_4_half.png,44,https://s3-media4.fl.yelpcdn.com/photo/xG-S_HLQerMWH3ti08pVxg/ms.jpg,I discovered Bar Nua while waiting for a table at a restaurant nearby.  We had a good chunk of time to kill so we headed off in search of a drink.  After...,https://www.yelp.com/biz/bar-nua-san-francisco?adjust_creative=SD5ybcet2QSwWXz2N7M5lw&utm_campaign=yelp_api&utm_medium=api_v2_search&utm_source=SD5ybcet2QSwWXz2N7M5lw
16,"[[u'Lounges', u'lounges']]",,+1-415-771-2022,,lush-lounge-san-francisco,https://s3-media4.fl.yelpcdn.com/bphoto/aZZonYrjuRE3HviEUfK1gw/ms.jpg,True,False,[u'1221 Polk St'],San Francisco,37.787992,-122.4203151,US,Bush St & Sutter St,"[u'1221 Polk St', u'Lower Nob Hill', u'San Francisco, CA 94109']",8.0,[u'Lower Nob Hill'],94109,CA,,,https://m.yelp.com/biz/lush-lounge-san-francisco?adjust_creative=SD5ybcet2QSwWXz2N7M5lw&utm_campaign=yelp_api&utm_medium=api_v2_search&utm_source=SD5ybcet2QSwWXz2N7M5lw,Lush Lounge,4157712022,4.0,https://s3-media4.fl.yelpcdn.com/assets/2/www/img/c2f3dd9799a5/ico/stars/v1/stars_4.png,https://s3-media2.fl.yelpcdn.com/assets/2/www/img/ccf2b76faa2c/ico/stars/v1/stars_large_4.png,https://s3-media4.fl.yelpcdn.com/assets/2/www/img/f62a5be2f902/ico/stars/v1/stars_small_4.png,669,https://s3-media2.fl.yelpcdn.com/photo/kJ13xP4RYKYxPej45xCVug/ms.jpg,"Good drinks, good music is playing, but kind of dead on a labor day weekend. Go any of the bars to the right and they are packed. This place really didn't...",https://www.yelp.com/biz/lush-lounge-san-francisco?adjust_creative=SD5ybcet2QSwWXz2N7M5lw&utm_campaign=yelp_api&utm_medium=api_v2_search&utm_source=SD5ybcet2QSwWXz2N7M5lw
17,"[[u'Cocktail Bars', u'cocktailbars']]",,+1-415-771-9695,,stookeys-club-moderne-san-francisco,https://s3-media4.fl.yelpcdn.com/bphoto/7H0Ia9truyB0up8f8h0YFA/ms.jpg,True,False,[u'895 Bush St'],San Francisco,37.7896635544,-122.411902435,US,Taylor St & Mason St,"[u'895 Bush St', u'Union Square', u'San Francisco, CA 94108']",9.5,"[u'Union Square', u'Lower Nob Hill']",94108,CA,,,https://m.yelp.com/biz/stookeys-club-moderne-san-francisco?adjust_creative=SD5ybcet2QSwWXz2N7M5lw&utm_campaign=yelp_api&utm_medium=api_v2_search&utm_source=SD5ybcet2QSwWXz2N7M5lw,Stookey's Club Moderne,4157719695,4.5,https://s3-media2.fl.yelpcdn.com/assets/2/www/img/99493c12711e/ico/stars/v1/stars_4_half.png,https://s3-media4.fl.yelpcdn.com/assets/2/www/img/9f83790ff7f6/ico/stars/v1/stars_large_4_half.png,https://s3-media2.fl.yelpcdn.com/assets/2/www/img/a5221e66bc70/ico/stars/v1/stars_small_4_half.png,88,https://s3-media4.fl.yelpcdn.com/photo/ZtpqtOCUwQdJolApLlNkwg/ms.jpg,"Very nice little bar, cool art deco decor, I would say swanky b/c it's not a dive, but people did not dress up (casual, not trashy dress).

My friend's Mai...",https://www.yelp.com/biz/stookeys-club-moderne-san-francisco?adjust_creative=SD5ybcet2QSwWXz2N7M5lw&utm_campaign=yelp_api&utm_medium=api_v2_search&utm_source=SD5ybcet2QSwWXz2N7M5lw
18,"[[u'Coffee & Tea', u'coffee'], [u'Wine Bars', u'wine_bars'], [u'Cafes', u'cafes']]",,+1-415-447-4100,,nook-san-francisco,https://s3-media1.fl.yelpcdn.com/bphoto/FDbu8xWEBPHaLQtmg3BhMA/ms.jpg,True,False,[u'1500 Hyde St'],San Francisco,37.79473,-122.41798,US,Jackson St,"[u'1500 Hyde St', u'Nob Hill', u'San Francisco, CA 94109']",8.0,[u'Nob Hill'],94109,CA,1472590458.0,single_platform,https://m.yelp.com/biz/nook-san-francisco?adjust_creative=SD5ybcet2QSwWXz2N7M5lw&utm_campaign=yelp_api&utm_medium=api_v2_search&utm_source=SD5ybcet2QSwWXz2N7M5lw,Nook,4154474100,4.0,https://s3-media4.fl.yelpcdn.com/assets/2/www/img/c2f3dd9799a5/ico/stars/v1/stars_4.png,https://s3-media2.fl.yelpcdn.com/assets/2/www/img/ccf2b76faa2c/ico/stars/v1/stars_large_4.png,https://s3-media4.fl.yelpcdn.com/assets/2/www/img/f62a5be2f902/ico/stars/v1/stars_small_4.png,616,https://s3-media1.fl.yelpcdn.com/photo/J8xThxJ4arLwtzNZcmJvWA/ms.jpg,"Smoked salmon with creme fraiche and lemon on top of whole wheat crostini - Light, comforting, and delicious. It had the perfect amount of cream cheese,...",https://www.yelp.com/biz/nook-san-francisco?adjust_creative=SD5ybcet2QSwWXz2N7M5lw&utm_campaign=yelp_api&utm_medium=api_v2_search&utm_source=SD5ybcet2QSwWXz2N7M5lw
19,"[[u'Lounges', u'lounges']]",,+1-415-693-0990,,tony-niks-cafe-san-francisco,https://s3-media4.fl.yelpcdn.com/bphoto/OOBqWFA8uBkEZ-8HSMEbnA/ms.jpg,False,False,[u'1534 Stockton St'],San Francisco,37.8000297546,-122.408882141,US,Columbus Ave & Green St,"[u'1534 Stockton St', u'North Beach/Telegraph Hill', u'San Francisco, CA 94133']",8.0,[u'North Beach/Telegraph Hill'],94133,CA,,,https://m.yelp.com/biz/tony-niks-cafe-san-francisco?adjust_creative=SD5ybcet2QSwWXz2N7M5lw&utm_campaign=yelp_api&utm_medium=api_v2_search&utm_source=SD5ybcet2QSwWXz2N7M5lw,Tony Nik's Cafe,4156930990,4.5,https://s3-media2.fl.yelpcdn.com/assets/2/www/img/99493c12711e/ico/stars/v1/stars_4_half.png,https://s3-media4.fl.yelpcdn.com/assets/2/www/img/9f83790ff7f6/ico/stars/v1/stars_large_4_half.png,https://s3-media2.fl.yelpcdn.com/assets/2/www/img/a5221e66bc70/ico/stars/v1/stars_small_4_half.png,270,https://s3-media2.fl.yelpcdn.com/photo/09gsXd7du0s-1WJiWWierQ/ms.jpg,"This bar is unassuming, and I love it! It's pretty dark inside but not crowded at all. We were able to take over the back part which easily fits a huge...",https://www.yelp.com/biz/tony-niks-cafe-san-francisco?adjust_creative=SD5ybcet2QSwWXz2N7M5lw&utm_campaign=yelp_api&utm_medium=api_v2_search&utm_source=SD5ybcet2QSwWXz2N7M5lw
0,"[[u'Lounges', u'lounges'], [u'American (New)', u'newamerican'], [u'Breakfast & Brunch', u'breakfast_brunch']]",,+1-415-771-1140,,the-big-4-san-francisco,https://s3-media2.fl.yelpcdn.com/bphoto/puh9xOWb3YZRASaaDkXb7A/ms.jpg,True,False,[u'1075 California St'],San Francisco,37.7914644,-122.4121171,US,Taylor St & Cushman St,"[u'1075 California St', u'Nob Hill', u'San Francisco, CA 94108']",9.5,[u'Nob Hill'],94108,CA,1472583935.0,locu,https://m.yelp.com/biz/the-big-4-san-francisco?adjust_creative=SD5ybcet2QSwWXz2N7M5lw&utm_campaign=yelp_api&utm_medium=api_v2_search&utm_source=SD5ybcet2QSwWXz2N7M5lw,The Big 4,4157711140,4.0,https://s3-media4.fl.yelpcdn.com/assets/2/www/img/c2f3dd9799a5/ico/stars/v1/stars_4.png,https://s3-media2.fl.yelpcdn.com/assets/2/www/img/ccf2b76faa2c/ico/stars/v1/stars_large_4.png,https://s3-media4.fl.yelpcdn.com/assets/2/www/img/f62a5be2f902/ico/stars/v1/stars_small_4.png,501,https://s3-media4.fl.yelpcdn.com/photo/JZ1BmV2SUe9TZT-bGhA-4w/ms.jpg,"When here for work, I checked out The Big 4 with some friendly coworkers, and I couldn't help but think to myself: my husband would love this bar. Low and...",https://www.yelp.com/biz/the-big-4-san-francisco?adjust_creative=SD5ybcet2QSwWXz2N7M5lw&utm_campaign=yelp_api&utm_medium=api_v2_search&utm_source=SD5ybcet2QSwWXz2N7M5lw
1,"[[u'Tapas/Small Plates', u'tapasmallplates'], [u'Cocktail Bars', u'cocktailbars']]",,+1-415-398-1359,,15-romolo-san-francisco,https://s3-media3.fl.yelpcdn.com/bphoto/h4VSqSUCSpz211PUHXdKQg/ms.jpg,True,False,[u'15 Romolo Pl'],San Francisco,37.7981914,-122.4063459,US,Broadway St & Fresno St,"[u'15 Romolo Pl', u'North Beach/Telegraph Hill', u'San Francisco, CA 94133']",9.5,[u'North Beach/Telegraph Hill'],94133,CA,1477558180.0,single_platform,https://m.yelp.com/biz/15-romolo-san-francisco?adjust_creative=SD5ybcet2QSwWXz2N7M5lw&utm_campaign=yelp_api&utm_medium=api_v2_search&utm_source=SD5ybcet2QSwWXz2N7M5lw,15 Romolo,4153981359,4.0,https://s3-media4.fl.yelpcdn.com/assets/2/www/img/c2f3dd9799a5/ico/stars/v1/stars_4.png,https://s3-media2.fl.yelpcdn.com/assets/2/www/img/ccf2b76faa2c/ico/stars/v1/stars_large_4.png,https://s3-media4.fl.yelpcdn.com/assets/2/www/img/f62a5be2f902/ico/stars/v1/stars_small_4.png,975,https://s3-media1.fl.yelpcdn.com/photo/GmNZYja8tM09cPE08MlT0A/ms.jpg,"Not sure if you've ever had peanut butter in a burger or even thought that was a good idea, but the yo mama burger shattered my expectations. I brought a...",https://www.yelp.com/biz/15-romolo-san-francisco?adjust_creative=SD5ybcet2QSwWXz2N7M5lw&utm_campaign=yelp_api&utm_medium=api_v2_search&utm_source=SD5ybcet2QSwWXz2N7M5lw
2,"[[u'Sports Bars', u'sportsbars'], [u'Dive Bars', u'divebars']]",,+1-415-989-0700,,the-red-jack-saloon-san-francisco,https://s3-media4.fl.yelpcdn.com/bphoto/J075Wcc9RfcTDPiTinWiwA/ms.jpg,False,False,[u'131 Bay St'],San Francisco,37.80591,-122.40975,US,Stockton St & Midway St,"[u'131 Bay St', u'North Beach/Telegraph Hill', u'San Francisco, CA 94133']",8.0,[u'North Beach/Telegraph Hill'],94133,CA,,,https://m.yelp.com/biz/the-red-jack-saloon-san-francisco?adjust_creative=SD5ybcet2QSwWXz2N7M5lw&utm_campaign=yelp_api&utm_medium=api_v2_search&utm_source=SD5ybcet2QSwWXz2N7M5lw,The Red Jack Saloon,4159890700,4.0,https://s3-media4.fl.yelpcdn.com/assets/2/www/img/c2f3dd9799a5/ico/stars/v1/stars_4.png,https://s3-media2.fl.yelpcdn.com/assets/2/www/img/ccf2b76faa2c/ico/stars/v1/stars_large_4.png,https://s3-media4.fl.yelpcdn.com/assets/2/www/img/f62a5be2f902/ico/stars/v1/stars_small_4.png,214,https://s3-media3.fl.yelpcdn.com/photo/zVPnXA6RRgNR5FXMKs7k1A/ms.jpg,Perfect place to watch a game even if it is at 1:00 pm EST. if you're a Boston's sport team fan then this is the place to be when traveling to San...,https://www.yelp.com/biz/the-red-jack-saloon-san-francisco?adjust_creative=SD5ybcet2QSwWXz2N7M5lw&utm_campaign=yelp_api&utm_medium=api_v2_search&utm_source=SD5ybcet2QSwWXz2N7M5lw
3,"[[u'Wine Bars', u'wine_bars'], [u'Cheese Shops', u'cheese']]",,+1-415-272-7567,,union-larder-san-francisco,https://s3-media1.fl.yelpcdn.com/bphoto/Qz9-cEFdxKidorKORYGmJQ/ms.jpg,True,False,[u'1945 Hyde St'],San Francisco,37.7988205,-122.4192581,US,Union St & Warner Pl,"[u'1945 Hyde St', u'Russian Hill', u'San Francisco, CA 94109']",8.0,[u'Russian Hill'],94109,CA,1472867903.0,single_platform,https://m.yelp.com/biz/union-larder-san-francisco?adjust_creative=SD5ybcet2QSwWXz2N7M5lw&utm_campaign=yelp_api&utm_medium=api_v2_search&utm_source=SD5ybcet2QSwWXz2N7M5lw,Union Larder,4152727567,4.0,https://s3-media4.fl.yelpcdn.com/assets/2/www/img/c2f3dd9799a5/ico/stars/v1/stars_4.png,https://s3-media2.fl.yelpcdn.com/assets/2/www/img/ccf2b76faa2c/ico/stars/v1/stars_large_4.png,https://s3-media4.fl.yelpcdn.com/assets/2/www/img/f62a5be2f902/ico/stars/v1/stars_small_4.png,85,https://s3-media2.fl.yelpcdn.com/photo/wythbslJFl4tI1jSdOYSWw/ms.jpg,"Loved this place! Perfect for a gal's wine night or a cute date spot ;) 

Split three cheeses and the burrata (along with a couple glasses of wine) with a...",https://www.yelp.com/biz/union-larder-san-francisco?adjust_creative=SD5ybcet2QSwWXz2N7M5lw&utm_campaign=yelp_api&utm_medium=api_v2_search&utm_source=SD5ybcet2QSwWXz2N7M5lw
4,"[[u'Bars', u'bars']]",,+1-415-857-1548,,soda-popinskis-san-francisco,https://s3-media3.fl.yelpcdn.com/bphoto/ID3PMWELL2LlLexvadnC5Q/ms.jpg,True,False,[u'1548 California St'],San Francisco,37.7910118,-122.4199371,US,Polk St & Larkin St,"[u'1548 California St', u'Nob Hill', u'San Francisco, CA 94109']",8.0,[u'Nob Hill'],94109,CA,,,https://m.yelp.com/biz/soda-popinskis-san-francisco?adjust_creative=SD5ybcet2QSwWXz2N7M5lw&utm_campaign=yelp_api&utm_medium=api_v2_search&utm_source=SD5ybcet2QSwWXz2N7M5lw,Soda Popinski's,4158571548,4.0,https://s3-media4.fl.yelpcdn.com/assets/2/www/img/c2f3dd9799a5/ico/stars/v1/stars_4.png,https://s3-media2.fl.yelpcdn.com/assets/2/www/img/ccf2b76faa2c/ico/stars/v1/stars_large_4.png,https://s3-media4.fl.yelpcdn.com/assets/2/www/img/f62a5be2f902/ico/stars/v1/stars_small_4.png,158,https://s3-media4.fl.yelpcdn.com/photo/gqt9CBm7FxewkTdmb8CpIQ/ms.jpg,"SODA POPINSKI'S IS DA BOMB.COM.

Seriously. I love this place. It's probably one of my favorite bars on Polk. It's not directly on Polk, but still within...",https://www.yelp.com/biz/soda-popinskis-san-francisco?adjust_creative=SD5ybcet2QSwWXz2N7M5lw&utm_campaign=yelp_api&utm_medium=api_v2_search&utm_source=SD5ybcet2QSwWXz2N7M5lw
5,"[[u'Lounges', u'lounges'], [u'Cocktail Bars', u'cocktailbars']]",,+1-415-795-1375,,local-edition-san-francisco,https://s3-media2.fl.yelpcdn.com/bphoto/d6QeGP8PbUm49KIx4P4I9w/ms.jpg,True,False,[u'691 Market St'],San Francisco,37.78759,-122.4031601,US,Kearny St & 3rd St,"[u'691 Market St', u'Financial District', u'San Francisco, CA 94105']",8.0,"[u'Financial District', u'SoMa']",94105,CA,,,https://m.yelp.com/biz/local-edition-san-francisco?adjust_creative=SD5ybcet2QSwWXz2N7M5lw&utm_campaign=yelp_api&utm_medium=api_v2_search&utm_source=SD5ybcet2QSwWXz2N7M5lw,Local Edition,4157951375,4.0,https://s3-media4.fl.yelpcdn.com/assets/2/www/img/c2f3dd9799a5/ico/stars/v1/stars_4.png,https://s3-media2.fl.yelpcdn.com/assets/2/www/img/ccf2b76faa2c/ico/stars/v1/stars_large_4.png,https://s3-media4.fl.yelpcdn.com/assets/2/www/img/f62a5be2f902/ico/stars/v1/stars_small_4.png,1217,https://s3-media3.fl.yelpcdn.com/photo/bNM7Jdu0a0xcMv9djFpGIw/ms.jpg,"After almost 2 years, I can now confirm that, despite my initial visit being a private event, my experience wasn't too different from the lounge...",https://www.yelp.com/biz/local-edition-san-francisco?adjust_creative=SD5ybcet2QSwWXz2N7M5lw&utm_campaign=yelp_api&utm_medium=api_v2_search&utm_source=SD5ybcet2QSwWXz2N7M5lw
6,"[[u'American (New)', u'newamerican'], [u'Bars', u'bars']]",,+1-415-525-4536,,prosper-san-francisco-5,https://s3-media2.fl.yelpcdn.com/bphoto/WVjwxxLYW07hr41uLJiLHA/ms.jpg,False,False,"[u'747 Market St', u'Fl 4']",San Francisco,37.7862129211,-122.404304504,US,Ofarrell St & Kearny St,"[u'747 Market St', u'Fl 4', u'Union Square', u'San Francisco, CA 94103']",8.0,"[u'Union Square', u'Financial District', u'SoMa']",94103,CA,,,https://m.yelp.com/biz/prosper-san-francisco-5?adjust_creative=SD5ybcet2QSwWXz2N7M5lw&utm_campaign=yelp_api&utm_medium=api_v2_search&utm_source=SD5ybcet2QSwWXz2N7M5lw,Prosper,4155254536,4.0,https://s3-media4.fl.yelpcdn.com/assets/2/www/img/c2f3dd9799a5/ico/stars/v1/stars_4.png,https://s3-media2.fl.yelpcdn.com/assets/2/www/img/ccf2b76faa2c/ico/stars/v1/stars_large_4.png,https://s3-media4.fl.yelpcdn.com/assets/2/www/img/f62a5be2f902/ico/stars/v1/stars_small_4.png,30,https://s3-media3.fl.yelpcdn.com/photo/b2yJnQJ9NmEo0HN2__beXA/ms.jpg,"This place is definitely a hidden gem. It is located inside of Equinox on the 4th floor. The view is amazing, you can see the streets off fidi. 

We...",https://www.yelp.com/biz/prosper-san-francisco-5?adjust_creative=SD5ybcet2QSwWXz2N7M5lw&utm_campaign=yelp_api&utm_medium=api_v2_search&utm_source=SD5ybcet2QSwWXz2N7M5lw
7,"[[u'Whiskey Bars', u'whiskeybars'], [u'Speakeasies', u'speakeasies']]",,,,wilson-and-wilson-san-francisco,https://s3-media2.fl.yelpcdn.com/bphoto/Z7kxi3lTHrd4Uc-hzrlgTw/ms.jpg,True,False,[u'505 Jones St'],San Francisco,37.7859776,-122.4131408,US,Ofarrell St & Geary St,"[u'505 Jones St', u'Tenderloin', u'San Francisco, CA 94102']",9.5,[u'Tenderloin'],94102,CA,,,https://m.yelp.com/biz/wilson-and-wilson-san-francisco?adjust_creative=SD5ybcet2QSwWXz2N7M5lw&utm_campaign=yelp_api&utm_medium=api_v2_search&utm_source=SD5ybcet2QSwWXz2N7M5lw,Wilson & Wilson,,4.5,https://s3-media2.fl.yelpcdn.com/assets/2/www/img/99493c12711e/ico/stars/v1/stars_4_half.png,https://s3-media4.fl.yelpcdn.com/assets/2/www/img/9f83790ff7f6/ico/stars/v1/stars_large_4_half.png,https://s3-media2.fl.yelpcdn.com/assets/2/www/img/a5221e66bc70/ico/stars/v1/stars_small_4_half.png,295,https://s3-media2.fl.yelpcdn.com/photo/aA7wbNGnl6LioSGQSPvBCA/ms.jpg,Wilson & Wilson is all about the speakeasy experience. Reservations are required along with a secret password. As this speakeasy does not allow pictures or...,https://www.yelp.com/biz/wilson-and-wilson-san-francisco?adjust_creative=SD5ybcet2QSwWXz2N7M5lw&utm_campaign=yelp_api&utm_medium=api_v2_search&utm_source=SD5ybcet2QSwWXz2N7M5lw
8,"[[u'Dive Bars', u'divebars'], [u'Lounges', u'lounges'], [u'Music Venues', u'musicvenues']]",,+1-415-235-6587,,tunnel-top-san-francisco,https://s3-media2.fl.yelpcdn.com/bphoto/kyKICeJwagHA1glSC_5lng/ms.jpg,True,False,[u'601 Bush St'],San Francisco,37.790209,-122.4071672,US,Stockton St & Burritt St,"[u'601 Bush St', u'Union Square', u'San Francisco, CA 94108']",9.5,"[u'Union Square', u'Financial District']",94108,CA,,,https://m.yelp.com/biz/tunnel-top-san-francisco?adjust_creative=SD5ybcet2QSwWXz2N7M5lw&utm_campaign=yelp_api&utm_medium=api_v2_search&utm_source=SD5ybcet2QSwWXz2N7M5lw,Tunnel Top,4152356587,4.0,https://s3-media4.fl.yelpcdn.com/assets/2/www/img/c2f3dd9799a5/ico/stars/v1/stars_4.png,https://s3-media2.fl.yelpcdn.com/assets/2/www/img/ccf2b76faa2c/ico/stars/v1/stars_large_4.png,https://s3-media4.fl.yelpcdn.com/assets/2/www/img/f62a5be2f902/ico/stars/v1/stars_small_4.png,754,https://s3-media2.fl.yelpcdn.com/photo/GBPuX7iqwn4qfC9Qyo1u4w/ms.jpg,"Dive bar with fun ambience.  Cocktails are typical prices -- $2 off before 7:30pm.

Great intimate area upstairs; has a NYC feel and so of course I loved...",https://www.yelp.com/biz/tunnel-top-san-francisco?adjust_creative=SD5ybcet2QSwWXz2N7M5lw&utm_campaign=yelp_api&utm_medium=api_v2_search&utm_source=SD5ybcet2QSwWXz2N7M5lw
9,"[[u'Dive Bars', u'divebars']]",,+1-415-982-0072,,li-po-cocktail-lounge-san-francisco,https://s3-media4.fl.yelpcdn.com/bphoto/X2g8oFJ_el1WThllRRhDPw/ms.jpg,False,False,[u'916 Grant Ave'],San Francisco,37.795400843,-122.406441942,US,Washington St,"[u'916 Grant Ave', u'Chinatown', u'San Francisco, CA 94108']",8.0,[u'Chinatown'],94108,CA,,,https://m.yelp.com/biz/li-po-cocktail-lounge-san-francisco?adjust_creative=SD5ybcet2QSwWXz2N7M5lw&utm_campaign=yelp_api&utm_medium=api_v2_search&utm_source=SD5ybcet2QSwWXz2N7M5lw,Li Po Cocktail Lounge,4159820072,4.0,https://s3-media4.fl.yelpcdn.com/assets/2/www/img/c2f3dd9799a5/ico/stars/v1/stars_4.png,https://s3-media2.fl.yelpcdn.com/assets/2/www/img/ccf2b76faa2c/ico/stars/v1/stars_large_4.png,https://s3-media4.fl.yelpcdn.com/assets/2/www/img/f62a5be2f902/ico/stars/v1/stars_small_4.png,475,https://s3-media1.fl.yelpcdn.com/photo/6ccW544Sh7xiGy_BBBMkmw/ms.jpg,"This place is gnarley. It's mad dark inside, there's quirky decor all over the place and you're kind of like where the f-ck am I? But I suppose that is its...",https://www.yelp.com/biz/li-po-cocktail-lounge-san-francisco?adjust_creative=SD5ybcet2QSwWXz2N7M5lw&utm_campaign=yelp_api&utm_medium=api_v2_search&utm_source=SD5ybcet2QSwWXz2N7M5lw
10,"[[u'Wine Bars', u'wine_bars']]",,+1-415-674-3567,,the-hidden-vine-san-francisco,https://s3-media2.fl.yelpcdn.com/bphoto/UkbV06Bc51pDTqxxSeg8Yw/ms.jpg,True,False,[u'408 Merchant St'],San Francisco,37.79555,-122.40072,US,Battery St & Sansome St,"[u'408 Merchant St', u'Financial District', u'San Francisco, CA 94111']",8.0,[u'Financial District'],94111,CA,1472596965.0,single_platform,https://m.yelp.com/biz/the-hidden-vine-san-francisco?adjust_creative=SD5ybcet2QSwWXz2N7M5lw&utm_campaign=yelp_api&utm_medium=api_v2_search&utm_source=SD5ybcet2QSwWXz2N7M5lw,The Hidden Vine,4156743567,4.5,https://s3-media2.fl.yelpcdn.com/assets/2/www/img/99493c12711e/ico/stars/v1/stars_4_half.png,https://s3-media4.fl.yelpcdn.com/assets/2/www/img/9f83790ff7f6/ico/stars/v1/stars_large_4_half.png,https://s3-media2.fl.yelpcdn.com/assets/2/www/img/a5221e66bc70/ico/stars/v1/stars_small_4_half.png,698,https://s3-media2.fl.yelpcdn.com/photo/LXEzH1zYXYosAxJsavbSpQ/ms.jpg,"Came for a company event and loved it! We got the mini pizzas, cheese & meat platters, and tried 3 bottles of wine. 

Honestly, I think I was more...",https://www.yelp.com/biz/the-hidden-vine-san-francisco?adjust_creative=SD5ybcet2QSwWXz2N7M5lw&utm_campaign=yelp_api&utm_medium=api_v2_search&utm_source=SD5ybcet2QSwWXz2N7M5lw
11,"[[u'Lounges', u'lounges'], [u'American (New)', u'newamerican']]",,+1-415-400-0561,,burritt-room-tavern-san-francisco,https://s3-media2.fl.yelpcdn.com/bphoto/Ilyv23ROhWxb2kXi6Ik8UA/ms.jpg,True,False,"[u'417 Stockton St', u'2nd Flr']",San Francisco,37.7897917694,-122.407416411,US,Sutter St,"[u'417 Stockton St', u'2nd Flr', u'Union Square', u'San Francisco, CA 94108']",9.5,[u'Union Square'],94108,CA,1476342625.0,single_platform,https://m.yelp.com/biz/burritt-room-tavern-san-francisco?adjust_creative=SD5ybcet2QSwWXz2N7M5lw&utm_campaign=yelp_api&utm_medium=api_v2_search&utm_source=SD5ybcet2QSwWXz2N7M5lw,Burritt Room + Tavern,4154000561,4.0,https://s3-media4.fl.yelpcdn.com/assets/2/www/img/c2f3dd9799a5/ico/stars/v1/stars_4.png,https://s3-media2.fl.yelpcdn.com/assets/2/www/img/ccf2b76faa2c/ico/stars/v1/stars_large_4.png,https://s3-media4.fl.yelpcdn.com/assets/2/www/img/f62a5be2f902/ico/stars/v1/stars_small_4.png,798,https://s3-media4.fl.yelpcdn.com/photo/zufJswCQ0ycxAj4YeGyeSQ/ms.jpg,Context: wanted our first of only 8 meals in San Francisco to be great. Was planning on just eating at the bar area but decided to go all in and eat in the...,https://www.yelp.com/biz/burritt-room-tavern-san-francisco?adjust_creative=SD5ybcet2QSwWXz2N7M5lw&utm_campaign=yelp_api&utm_medium=api_v2_search&utm_source=SD5ybcet2QSwWXz2N7M5lw
12,"[[u'Cocktail Bars', u'cocktailbars'], [u'Lounges', u'lounges']]",,+1-415-441-1100,,the-butterfly-lounge-san-francisco,https://s3-media2.fl.yelpcdn.com/bphoto/VwsucpO9DO0nzAmhbsFNbQ/ms.jpg,True,False,[u'1500 Sutter St'],San Francisco,37.7872467041,-122.425430298,US,Octavia St & Gough St,"[u'1500 Sutter St', u'Japantown', u'San Francisco, CA 94109']",8.0,"[u'Japantown', u'Lower Pacific Heights']",94109,CA,,,https://m.yelp.com/biz/the-butterfly-lounge-san-francisco?adjust_creative=SD5ybcet2QSwWXz2N7M5lw&utm_campaign=yelp_api&utm_medium=api_v2_search&utm_source=SD5ybcet2QSwWXz2N7M5lw,The Butterfly Lounge,4154411100,4.5,https://s3-media2.fl.yelpcdn.com/assets/2/www/img/99493c12711e/ico/stars/v1/stars_4_half.png,https://s3-media4.fl.yelpcdn.com/assets/2/www/img/9f83790ff7f6/ico/stars/v1/stars_large_4_half.png,https://s3-media2.fl.yelpcdn.com/assets/2/www/img/a5221e66bc70/ico/stars/v1/stars_small_4_half.png,35,https://s3-media2.fl.yelpcdn.com/photo/Euc3XYFu5mQQhzMg6zrT4Q/ms.jpg,"Bartender Mike is really what makes Butterfly Lounge. Epic bartending. Epic personality. Crazy talented skills.

Sit at the bar and enjoy your evening with him!",https://www.yelp.com/biz/the-butterfly-lounge-san-francisco?adjust_creative=SD5ybcet2QSwWXz2N7M5lw&utm_campaign=yelp_api&utm_medium=api_v2_search&utm_source=SD5ybcet2QSwWXz2N7M5lw
13,"[[u'Wine Bars', u'wine_bars'], [u'Cafes', u'cafes'], [u'Tapas Bars', u'tapas']]",,+1-415-875-9859,,the-lab-by-napaology-san-francisco-3,https://s3-media2.fl.yelpcdn.com/bphoto/mvxIp1nWBdbtrduCaia7BA/ms.jpg,True,False,[u'930 Bush St'],San Francisco,37.78994,-122.41272,US,Jones St & Taylor St,"[u'930 Bush St', u'Nob Hill', u'San Francisco, CA 94109']",8.0,"[u'Nob Hill', u'Lower Nob Hill']",94109,CA,,,https://m.yelp.com/biz/the-lab-by-napaology-san-francisco-3?adjust_creative=SD5ybcet2QSwWXz2N7M5lw&utm_campaign=yelp_api&utm_medium=api_v2_search&utm_source=SD5ybcet2QSwWXz2N7M5lw,The Lab By Napaology,4158759859,4.5,https://s3-media2.fl.yelpcdn.com/assets/2/www/img/99493c12711e/ico/stars/v1/stars_4_half.png,https://s3-media4.fl.yelpcdn.com/assets/2/www/img/9f83790ff7f6/ico/stars/v1/stars_large_4_half.png,https://s3-media2.fl.yelpcdn.com/assets/2/www/img/a5221e66bc70/ico/stars/v1/stars_small_4_half.png,56,https://s3-media4.fl.yelpcdn.com/photo/kATLcxFbARMtFo_feaa17g/ms.jpg,"Cute place, waitress didn't quite get my simple order but prices were awesome for sf: 2 strong beers and a sandwich for $21",https://www.yelp.com/biz/the-lab-by-napaology-san-francisco-3?adjust_creative=SD5ybcet2QSwWXz2N7M5lw&utm_campaign=yelp_api&utm_medium=api_v2_search&utm_source=SD5ybcet2QSwWXz2N7M5lw
14,"[[u'Bars', u'bars']]",,+1-415-722-9109,,house-rules-san-francisco,https://s3-media4.fl.yelpcdn.com/bphoto/oqfe-OlY5Kz9szctcoUzJQ/ms.jpg,True,False,[u'2227 Polk St'],San Francisco,37.7972751225,-122.422142351,US,Green St & Vallejo St,"[u'2227 Polk St', u'Russian Hill', u'San Francisco, CA 94109']",9.5,[u'Russian Hill'],94109,CA,1472894997.0,single_platform,https://m.yelp.com/biz/house-rules-san-francisco?adjust_creative=SD5ybcet2QSwWXz2N7M5lw&utm_campaign=yelp_api&utm_medium=api_v2_search&utm_source=SD5ybcet2QSwWXz2N7M5lw,House Rules,4157229109,4.0,https://s3-media4.fl.yelpcdn.com/assets/2/www/img/c2f3dd9799a5/ico/stars/v1/stars_4.png,https://s3-media2.fl.yelpcdn.com/assets/2/www/img/ccf2b76faa2c/ico/stars/v1/stars_large_4.png,https://s3-media4.fl.yelpcdn.com/assets/2/www/img/f62a5be2f902/ico/stars/v1/stars_small_4.png,46,https://s3-media2.fl.yelpcdn.com/photo/KcRKdBmCknZH9ifWZxwXlQ/ms.jpg,"5 stars for the best damn BBQ ive tasted since leaving my home state of Texas i had with my friends last week at House Rules.

That mac and cheese is so...",https://www.yelp.com/biz/house-rules-san-francisco?adjust_creative=SD5ybcet2QSwWXz2N7M5lw&utm_campaign=yelp_api&utm_medium=api_v2_search&utm_source=SD5ybcet2QSwWXz2N7M5lw
15,"[[u'Lounges', u'lounges']]",,+1-415-362-3370,,vesuvio-cafe-san-francisco,https://s3-media3.fl.yelpcdn.com/bphoto/WewH3gF1SXmjBB-vXpg_NQ/ms.jpg,True,False,[u'255 Columbus Ave'],San Francisco,37.7974748611,-122.406140864,US,Broadway St & Jack Kerouac Aly,"[u'255 Columbus Ave', u'Chinatown', u'San Francisco, CA 94133']",8.0,[u'Chinatown'],94133,CA,,,https://m.yelp.com/biz/vesuvio-cafe-san-francisco?adjust_creative=SD5ybcet2QSwWXz2N7M5lw&utm_campaign=yelp_api&utm_medium=api_v2_search&utm_source=SD5ybcet2QSwWXz2N7M5lw,Vesuvio Cafe,4153623370,4.0,https://s3-media4.fl.yelpcdn.com/assets/2/www/img/c2f3dd9799a5/ico/stars/v1/stars_4.png,https://s3-media2.fl.yelpcdn.com/assets/2/www/img/ccf2b76faa2c/ico/stars/v1/stars_large_4.png,https://s3-media4.fl.yelpcdn.com/assets/2/www/img/f62a5be2f902/ico/stars/v1/stars_small_4.png,762,https://s3-media2.fl.yelpcdn.com/photo/i3JzIP99m8ax9CZmyrim_A/ms.jpg,My boyfriends and I wandered in here randomly after dinner to get a drink and we were surprised by how awesome it was. At first the decor is a little...,https://www.yelp.com/biz/vesuvio-cafe-san-francisco?adjust_creative=SD5ybcet2QSwWXz2N7M5lw&utm_campaign=yelp_api&utm_medium=api_v2_search&utm_source=SD5ybcet2QSwWXz2N7M5lw
16,"[[u'Cocktail Bars', u'cocktailbars']]",,+1-415-441-2252,,summer-place-cocktail-lounge-san-francisco,https://s3-media2.fl.yelpcdn.com/bphoto/Fo3nFNbUmYOZQAD3nKE9lQ/ms.jpg,False,False,[u'801 Bush St'],San Francisco,37.78979,-122.41063,US,Taylor St & Mason St,"[u'801 Bush St', u'Union Square', u'San Francisco, CA 94108']",8.0,"[u'Union Square', u'Lower Nob Hill']",94108,CA,,,https://m.yelp.com/biz/summer-place-cocktail-lounge-san-francisco?adjust_creative=SD5ybcet2QSwWXz2N7M5lw&utm_campaign=yelp_api&utm_medium=api_v2_search&utm_source=SD5ybcet2QSwWXz2N7M5lw,Summer Place Cocktail Lounge,4154412252,4.0,https://s3-media4.fl.yelpcdn.com/assets/2/www/img/c2f3dd9799a5/ico/stars/v1/stars_4.png,https://s3-media2.fl.yelpcdn.com/assets/2/www/img/ccf2b76faa2c/ico/stars/v1/stars_large_4.png,https://s3-media4.fl.yelpcdn.com/assets/2/www/img/f62a5be2f902/ico/stars/v1/stars_small_4.png,145,https://s3-media1.fl.yelpcdn.com/photo/r3Z8eYj8CdQAVvbnIjB2PA/ms.jpg,"Great bar with pin ball game. Cash only.
It has a fire place . Relaxing and cozy . Bartender pours a healthy shot.
Family runs spot. Love here.",https://www.yelp.com/biz/summer-place-cocktail-lounge-san-francisco?adjust_creative=SD5ybcet2QSwWXz2N7M5lw&utm_campaign=yelp_api&utm_medium=api_v2_search&utm_source=SD5ybcet2QSwWXz2N7M5lw
17,"[[u'Dive Bars', u'divebars']]",,+1-415-673-8023,,the-buccaneer-san-francisco,https://s3-media2.fl.yelpcdn.com/bphoto/n2xcjI_gazRLgPAOXydMjQ/ms.jpg,False,False,[u'2155 Polk St'],San Francisco,37.79663,-122.4222,US,Broadway St & Vallejo St,"[u'2155 Polk St', u'Russian Hill', u'San Francisco, CA 94109']",8.0,[u'Russian Hill'],94109,CA,,,https://m.yelp.com/biz/the-buccaneer-san-francisco?adjust_creative=SD5ybcet2QSwWXz2N7M5lw&utm_campaign=yelp_api&utm_medium=api_v2_search&utm_source=SD5ybcet2QSwWXz2N7M5lw,The Buccaneer,4156738023,4.0,https://s3-media4.fl.yelpcdn.com/assets/2/www/img/c2f3dd9799a5/ico/stars/v1/stars_4.png,https://s3-media2.fl.yelpcdn.com/assets/2/www/img/ccf2b76faa2c/ico/stars/v1/stars_large_4.png,https://s3-media4.fl.yelpcdn.com/assets/2/www/img/f62a5be2f902/ico/stars/v1/stars_small_4.png,235,https://s3-media4.fl.yelpcdn.com/photo/PZsSSCa-XXZWBQhiPy8nPg/ms.jpg,I lived near this bar in the late 90s early 2000s.  Glad to see this place is still relevant and doing some good community service :-)   I see references to...,https://www.yelp.com/biz/the-buccaneer-san-francisco?adjust_creative=SD5ybcet2QSwWXz2N7M5lw&utm_campaign=yelp_api&utm_medium=api_v2_search&utm_source=SD5ybcet2QSwWXz2N7M5lw
18,"[[u'Cocktail Bars', u'cocktailbars'], [u'Lounges', u'lounges']]",,+1-415-693-9255,,hawthorn-san-francisco-3,https://s3-media3.fl.yelpcdn.com/bphoto/TSoR75k62KejQcuAiwdO-g/ms.jpg,True,False,[u'46 Geary St'],San Francisco,37.7880758,-122.4041972,US,Grant Ave & Kearny St,"[u'46 Geary St', u'Union Square', u'San Francisco, CA 94108']",9.5,"[u'Union Square', u'Financial District']",94108,CA,,,https://m.yelp.com/biz/hawthorn-san-francisco-3?adjust_creative=SD5ybcet2QSwWXz2N7M5lw&utm_campaign=yelp_api&utm_medium=api_v2_search&utm_source=SD5ybcet2QSwWXz2N7M5lw,Hawthorn,4156939255,4.5,https://s3-media2.fl.yelpcdn.com/assets/2/www/img/99493c12711e/ico/stars/v1/stars_4_half.png,https://s3-media4.fl.yelpcdn.com/assets/2/www/img/9f83790ff7f6/ico/stars/v1/stars_large_4_half.png,https://s3-media2.fl.yelpcdn.com/assets/2/www/img/a5221e66bc70/ico/stars/v1/stars_small_4_half.png,193,https://s3-media2.fl.yelpcdn.com/photo/9nYGTC-7pmTIKYNwsyq0lw/ms.jpg,"Great happy hour, fresh drinks and good atmosphere. 

Two rooms one has house music the back bar is the hip hop room which is nice if you want to change it...",https://www.yelp.com/biz/hawthorn-san-francisco-3?adjust_creative=SD5ybcet2QSwWXz2N7M5lw&utm_campaign=yelp_api&utm_medium=api_v2_search&utm_source=SD5ybcet2QSwWXz2N7M5lw
19,"[[u'Champagne Bars', u'champagne_bars'], [u'Lounges', u'lounges'], [u'Beer Bar', u'beerbar']]",,+1-415-994-2806,,noc-noc-on-broadway-san-francisco-3,https://s3-media1.fl.yelpcdn.com/bphoto/qnCMeWc31b_kEuhLwPP5Ew/ms.jpg,True,False,[u'515 Broadway'],San Francisco,37.7977056,-122.4057904,US,Romolo Pl & Kearny St,"[u'515 Broadway', u'Chinatown', u'San Francisco, CA 94133']",9.5,[u'Chinatown'],94133,CA,,,https://m.yelp.com/biz/noc-noc-on-broadway-san-francisco-3?adjust_creative=SD5ybcet2QSwWXz2N7M5lw&utm_campaign=yelp_api&utm_medium=api_v2_search&utm_source=SD5ybcet2QSwWXz2N7M5lw,Noc Noc On Broadway,4159942806,4.5,https://s3-media2.fl.yelpcdn.com/assets/2/www/img/99493c12711e/ico/stars/v1/stars_4_half.png,https://s3-media4.fl.yelpcdn.com/assets/2/www/img/9f83790ff7f6/ico/stars/v1/stars_large_4_half.png,https://s3-media2.fl.yelpcdn.com/assets/2/www/img/a5221e66bc70/ico/stars/v1/stars_small_4_half.png,28,https://s3-media2.fl.yelpcdn.com/photo/ChN6uwOpMJ_f5g2qAK072w/ms.jpg,I travel to San Francisco around once a month for work and stay in the Financial District. I try to visit this place every trip. The walk up to Noc Noc is...,https://www.yelp.com/biz/noc-noc-on-broadway-san-francisco-3?adjust_creative=SD5ybcet2QSwWXz2N7M5lw&utm_campaign=yelp_api&utm_medium=api_v2_search&utm_source=SD5ybcet2QSwWXz2N7M5lw
0,"[[u'Dive Bars', u'divebars']]",,+1-415-931-8711,,black-magic-voodoo-lounge-san-francisco,https://s3-media3.fl.yelpcdn.com/bphoto/tpPRcis77mNFlpm5w0lWcg/ms.jpg,True,False,[u'1400 Lombard St'],San Francisco,37.80143,-122.42495,US,Van Ness Ave & United States Highway 101,"[u'1400 Lombard St', u'Marina/Cow Hollow', u'San Francisco, CA 94123']",8.0,[u'Marina/Cow Hollow'],94123,CA,,,https://m.yelp.com/biz/black-magic-voodoo-lounge-san-francisco?adjust_creative=SD5ybcet2QSwWXz2N7M5lw&utm_campaign=yelp_api&utm_medium=api_v2_search&utm_source=SD5ybcet2QSwWXz2N7M5lw,Black Magic Voodoo Lounge,4159318711,4.0,https://s3-media4.fl.yelpcdn.com/assets/2/www/img/c2f3dd9799a5/ico/stars/v1/stars_4.png,https://s3-media2.fl.yelpcdn.com/assets/2/www/img/ccf2b76faa2c/ico/stars/v1/stars_large_4.png,https://s3-media4.fl.yelpcdn.com/assets/2/www/img/f62a5be2f902/ico/stars/v1/stars_small_4.png,141,https://s3-media1.fl.yelpcdn.com/photo/OIo5ZAsjm98wYk-zUPGfCg/ms.jpg,"Loved this place. We went there when it was me, my girlfriend and one other customer. The place is san francisco sized and the bartender, Sarah, was super...",https://www.yelp.com/biz/black-magic-voodoo-lounge-san-francisco?adjust_creative=SD5ybcet2QSwWXz2N7M5lw&utm_campaign=yelp_api&utm_medium=api_v2_search&utm_source=SD5ybcet2QSwWXz2N7M5lw
1,"[[u'Bars', u'bars'], [u'American (New)', u'newamerican']]",,+1-415-989-7131,,last-drop-tavern-san-francisco,https://s3-media4.fl.yelpcdn.com/bphoto/x4vgBDfPUPAGgOSTVaZBjg/ms.jpg,True,False,[u'550 Powell St'],San Francisco,37.7899941802,-122.408699691,US,Anson Pl & Sutter St,"[u'550 Powell St', u'Union Square', u'San Francisco, CA 94108']",9.5,[u'Union Square'],94108,CA,1475301977.0,eat24,https://m.yelp.com/biz/last-drop-tavern-san-francisco?adjust_creative=SD5ybcet2QSwWXz2N7M5lw&utm_campaign=yelp_api&utm_medium=api_v2_search&utm_source=SD5ybcet2QSwWXz2N7M5lw,Last Drop Tavern,4159897131,4.0,https://s3-media4.fl.yelpcdn.com/assets/2/www/img/c2f3dd9799a5/ico/stars/v1/stars_4.png,https://s3-media2.fl.yelpcdn.com/assets/2/www/img/ccf2b76faa2c/ico/stars/v1/stars_large_4.png,https://s3-media4.fl.yelpcdn.com/assets/2/www/img/f62a5be2f902/ico/stars/v1/stars_small_4.png,178,https://s3-media2.fl.yelpcdn.com/photo/6McHBgkPxJc8hvgkntV8qQ/ms.jpg,"I came in for a quick bite/late lunch on a Thursday.  I sat on the upper tier by the door/window.  Watched the street cars go by.  The staff was nice, the...",https://www.yelp.com/biz/last-drop-tavern-san-francisco?adjust_creative=SD5ybcet2QSwWXz2N7M5lw&utm_campaign=yelp_api&utm_medium=api_v2_search&utm_source=SD5ybcet2QSwWXz2N7M5lw
